name	path	coverage	func_num
15c6a029a8ce6ca7242bcdec5ee084c650d5062e73ca16392418accf568305a3	/workspace/ella-master4/ella-out/15c6a029a8ce6ca7242bcdec5ee084c650d5062e73ca16392418accf568305a3/	80	( 108 / 135 )
0ba78bc3c61e6b5c130ccf4a421d3c19e1c29ce65d76d0f23cfdf540e0487190	/workspace/ella-master4/ella-out/0ba78bc3c61e6b5c130ccf4a421d3c19e1c29ce65d76d0f23cfdf540e0487190/	71.42857143	( 120 / 168 )
5a3bd3ff2d9481e6bd29dfaa5df4e9ebf9827de65c977a601b7a73c450e06c57	/workspace/ella-master4/ella-out/5a3bd3ff2d9481e6bd29dfaa5df4e9ebf9827de65c977a601b7a73c450e06c57/	63.60544218	( 187 / 294 )
6af046ae878493c289049bfcc745a6a9c4609938dde000839bcaf7298cb8dde1	/workspace/ella-master3/ella-out/6af046ae878493c289049bfcc745a6a9c4609938dde000839bcaf7298cb8dde1/	59.09090909	( 13 / 22 )
21cfe5e7b7987b78a902a2a7baf3e1d6261c5ddf579285a8936189f9cc7770ec	/workspace/ella-master5/ella-out/21cfe5e7b7987b78a902a2a7baf3e1d6261c5ddf579285a8936189f9cc7770ec/	58.36575875	( 150 / 257 )
766da5f7951b55da3aefb5de4dbe15e1c505e26eca71b5085e428026de5cc3e9	/workspace/ella-master4/ella-out/766da5f7951b55da3aefb5de4dbe15e1c505e26eca71b5085e428026de5cc3e9/	53.41880342	( 250 / 468 )
093e75a74d3555b0110121d89edd096dccbfcccd7692a705845537e6d1007fa9	/workspace/ella-master/ella-out/093e75a74d3555b0110121d89edd096dccbfcccd7692a705845537e6d1007fa9/	41.66666667	( 40 / 96 )
83ddb4b16fc7b6522bfa3430a2726c96fe04545ad54028e64210c8d4932b6734	/workspace/ella-master3/ella-out/83ddb4b16fc7b6522bfa3430a2726c96fe04545ad54028e64210c8d4932b6734/	40.44507505	( 5416 / 13391 )
df7ec98aa02b77631746665bfa8ff0d9cc3e22a5bc9f28ebd11105f916b7c591	/workspace/ella-master/ella-out/df7ec98aa02b77631746665bfa8ff0d9cc3e22a5bc9f28ebd11105f916b7c591/	40.39735099	( 61 / 151 )
96fcfbe059241439988092f26999e9c95794b7d10b7eb2ce4d2e5746ca02e271	/workspace/ella-master4/ella-out/96fcfbe059241439988092f26999e9c95794b7d10b7eb2ce4d2e5746ca02e271/	38.00159872	( 7131 / 18765 )
7b2910822f78d147c29b5a6f8e501340230275ead32b5e74366a369c397c5b65	/workspace/ella-master/ella-out/7b2910822f78d147c29b5a6f8e501340230275ead32b5e74366a369c397c5b65/	37.81020893	( 10985 / 29053 )
bb9eae2aca00044718e65db7d46c21189d9a03bb5b5cce998bdd8c8a73706f98	/workspace/ella-master/ella-out/bb9eae2aca00044718e65db7d46c21189d9a03bb5b5cce998bdd8c8a73706f98/	37.5	( 447 / 1192 )
ccfb7b54888f408007139c36ae2af46dd22ea3e442b2d0bfb3a8575940d832fb	/workspace/ella-master5/ella-out/ccfb7b54888f408007139c36ae2af46dd22ea3e442b2d0bfb3a8575940d832fb/	37.34188491	( 2096 / 5613 )
c01ea59fb10227f86b07ccb24d5da04eeeb791850d4f7d62f29b3b5b1f251562	/workspace/ella-master2/ella-out/c01ea59fb10227f86b07ccb24d5da04eeeb791850d4f7d62f29b3b5b1f251562/	36.0778337	( 10179 / 28214 )
2140bed673e5d25a68a579bc51aa2daacf383a436463c4d350b0338c7be760c6	/workspace/ella-master/ella-out/2140bed673e5d25a68a579bc51aa2daacf383a436463c4d350b0338c7be760c6/	35.93029792	( 3196 / 8895 )
8f70252b986d2f40642ff48fed07838e8b63e66c77128322794f9d9dea3bd2ff	/workspace/ella-master5/ella-out/8f70252b986d2f40642ff48fed07838e8b63e66c77128322794f9d9dea3bd2ff/	35.69005292	( 2630 / 7369 )
b08170d9c40ea560e11f76352b614faf4557914d6203ef3f362d95d9a07a6238	/workspace/ella-master3/ella-out/b08170d9c40ea560e11f76352b614faf4557914d6203ef3f362d95d9a07a6238/	35.39202803	( 1616 / 4566 )
379fbe87fe859c13191e1b98139bfdbf7fa4e88124a8929d458145e72d5bf227	/workspace/ella-master3/ella-out/379fbe87fe859c13191e1b98139bfdbf7fa4e88124a8929d458145e72d5bf227/	34.56960974	( 1249 / 3613 )
_workspace_beautyT100_beautyT200_beautyT300_beautyT400_bookT100_bookT200_bookT300_55_yuku.kbbi5.apk	/workspace/ella-master2/ella-out/_workspace_beautyT100_beautyT200_beautyT300_beautyT400_bookT100_bookT200_bookT300_55_yuku.kbbi5.apk/	34.51239669	( 3132 / 9075 )
68c35f74ef6420a31b3ac108c69ead9576b330383c109aa341428476b59529ba	/workspace/ella-master3/ella-out/68c35f74ef6420a31b3ac108c69ead9576b330383c109aa341428476b59529ba/	34.05426661	( 2598 / 7629 )
05f54f77ca7a1d77b3cfd7a8589efeae7611b8c84ddc9b60aca5b5e813474918	/workspace/ella-master3/ella-out/05f54f77ca7a1d77b3cfd7a8589efeae7611b8c84ddc9b60aca5b5e813474918/	33.33333333	( 11 / 33 )
1cdbe1265c15e59de1b7623e37b0b65db4ee85bb8eef36de6c007715ac1c03ca	/workspace/ella-master5/ella-out/1cdbe1265c15e59de1b7623e37b0b65db4ee85bb8eef36de6c007715ac1c03ca/	33.24315184	( 2949 / 8871 )
_workspace_bookT4_bussiT1234_50_keyboard.theme.k820006167.apk	/workspace/ella-master4/ella-out/_workspace_bookT4_bussiT1234_50_keyboard.theme.k820006167.apk/	32.404407	( 500 / 1543 )
a1d207ffb8fdea5bfe7e7cb7bf763649736ad04850aa31dccba7bffeaaa41b0b	/workspace/ella-master5/ella-out/a1d207ffb8fdea5bfe7e7cb7bf763649736ad04850aa31dccba7bffeaaa41b0b/	32.17292746	( 3974 / 12352 )
b557dadcc858f41216f0d57915f9815cab151f638313d293a78f6fbe74fa0890	/workspace/ella-master5/ella-out/b557dadcc858f41216f0d57915f9815cab151f638313d293a78f6fbe74fa0890/	32.17257319	( 10440 / 32450 )
94dc9b9a54418e81c18ab7bc7a4900b7c142ef8166848fdd04d601075d369e82	/workspace/ella-master5/ella-out/94dc9b9a54418e81c18ab7bc7a4900b7c142ef8166848fdd04d601075d369e82/	31.69515012	( 10293 / 32475 )
afe46d5edbc7d2d95bdf58a3951b3b696f7b5e7b53f549061470bc2312ff5918	/workspace/ella-master4/ella-out/afe46d5edbc7d2d95bdf58a3951b3b696f7b5e7b53f549061470bc2312ff5918/	31.38048228	( 3878 / 12358 )
2565a03cbe66bd2cecb2fc7a1c27d4c2f1255d290e97c90b9e6b9f6cdb1c32c7	/workspace/ella-master5/ella-out/2565a03cbe66bd2cecb2fc7a1c27d4c2f1255d290e97c90b9e6b9f6cdb1c32c7/	31.24076809	( 2115 / 6770 )
_workspace_bookT4_bussiT1234_51_com.edgewalk.annabel.apk	/workspace/ella-master5/ella-out/_workspace_bookT4_bussiT1234_51_com.edgewalk.annabel.apk/	30.07110842	( 8923 / 29673 )
2188b21cfe1dd79da76fa692374c3647558fbf7fcbc27e782f1cd7450d2a05a9	/workspace/ella-master3/ella-out/2188b21cfe1dd79da76fa692374c3647558fbf7fcbc27e782f1cd7450d2a05a9/	28.46269258	( 7778 / 27327 )
92055a619644d28744eb2b1e23ba50c438762cf6b7b789d4a54583f630859ce3	/workspace/ella-master4/ella-out/92055a619644d28744eb2b1e23ba50c438762cf6b7b789d4a54583f630859ce3/	28.28070175	( 806 / 2850 )
db18d1f87dedf9d5a4c74b351860d078fe2b296e7134e98d0ad665c33373c370	/workspace/ella-master3/ella-out/db18d1f87dedf9d5a4c74b351860d078fe2b296e7134e98d0ad665c33373c370/	28.17919861	( 5183 / 18393 )
059183b440618be803f7ca4740106d886a6f3830fd5b30fc460033b6994534b9	/workspace/ella-master/ella-out/059183b440618be803f7ca4740106d886a6f3830fd5b30fc460033b6994534b9/	27.43660456	( 4079 / 14867 )
2eae94f7a04cd8f5dc632521eb8b73d6d49eac5ec9c619df2aa7cf50cdd341f7	/workspace/ella-master2/ella-out/2eae94f7a04cd8f5dc632521eb8b73d6d49eac5ec9c619df2aa7cf50cdd341f7/	27.39985515	( 4918 / 17949 )
1ff4d5d9b12c47abeccf3f5118fe477ccba719b4c4f7b8100a2574e8f071b66d	/workspace/ella-master4/ella-out/1ff4d5d9b12c47abeccf3f5118fe477ccba719b4c4f7b8100a2574e8f071b66d/	27.28617419	( 3136 / 11493 )
9a5bc910d532c1fa9e48f8634b245378a065b1e480ccd134b2ff1489d0dfbfd2	/workspace/ella-master5/ella-out/9a5bc910d532c1fa9e48f8634b245378a065b1e480ccd134b2ff1489d0dfbfd2/	26.73929457	( 4958 / 18542 )
dc9311c91385b920520c4bf6117718d60f7adefb7812a8442347cf6086215400	/workspace/ella-master5/ella-out/dc9311c91385b920520c4bf6117718d60f7adefb7812a8442347cf6086215400/	26.10529868	( 9282 / 35556 )
40c90ce86bd0d02d967cf8aec2b60f583baf03593c5a08d1bf4a13b3eed5da91	/workspace/ella-master/ella-out/40c90ce86bd0d02d967cf8aec2b60f583baf03593c5a08d1bf4a13b3eed5da91/	25.89127279	( 4815 / 18597 )
8543bbdcdae500007e941b99fc630f93da35fdeedc27e59616dbf480f7aad559	/workspace/ella-master2/ella-out/8543bbdcdae500007e941b99fc630f93da35fdeedc27e59616dbf480f7aad559/	25.81288757	( 4787 / 18545 )
231b8cfd2cdd410b65d60c1ffad7b31c78828984f475a9d8e5cd77d9666e87e4	/workspace/ella-master5/ella-out/231b8cfd2cdd410b65d60c1ffad7b31c78828984f475a9d8e5cd77d9666e87e4/	25.47942817	( 5846 / 22944 )
1c565969b949a07dd0dfcb0f56702a3be770701bc349dbea5ed8eb2ef8b8f12b	/workspace/ella-master2/ella-out/1c565969b949a07dd0dfcb0f56702a3be770701bc349dbea5ed8eb2ef8b8f12b/	25.01562449	( 7605 / 30401 )
71bdf5d6af1e6ce9897f4a19cd8ca296dc9b29348e9dfa11e227d17676d2d0d6	/workspace/ella-master3/ella-out/71bdf5d6af1e6ce9897f4a19cd8ca296dc9b29348e9dfa11e227d17676d2d0d6/	25.00537634	( 4651 / 18600 )
1d4f18d1498f4018adb9a791dcaa404178100807e51031eb7031fe0847d4ddfb	/workspace/ella-master/ella-out/1d4f18d1498f4018adb9a791dcaa404178100807e51031eb7031fe0847d4ddfb/	24.44007059	( 7202 / 29468 )
5ea4283f25cbdbc7ff77769f482f2021dc0dcc1ac96391e9f64d44a2198a71c5	/workspace/ella-master3/ella-out/5ea4283f25cbdbc7ff77769f482f2021dc0dcc1ac96391e9f64d44a2198a71c5/	24.315197	( 648 / 2665 )
39c11894e36e31e672f19e6a02c6d415f4ad94af1a5abba54e776bb5bdfbc25f	/workspace/ella-master4/ella-out/39c11894e36e31e672f19e6a02c6d415f4ad94af1a5abba54e776bb5bdfbc25f/	24.22314137	( 6852 / 28287 )
237f2807f07695ffd4fc9f79c73e301f4ead604c8cfbc2ca1743c132e03dad54	/workspace/ella-master5/ella-out/237f2807f07695ffd4fc9f79c73e301f4ead604c8cfbc2ca1743c132e03dad54/	23.04526749	( 3640 / 15795 )
163cf41496ebc8e275dce2bd9aba098b717075cc824ee88c670c1739b8d59be1	/workspace/ella-master/ella-out/163cf41496ebc8e275dce2bd9aba098b717075cc824ee88c670c1739b8d59be1/	22.86416718	( 372 / 1627 )
af298e369d442d6fff078713eb8eb276a5b7e9c78359e53fad8e4bd16dede730	/workspace/ella-master4/ella-out/af298e369d442d6fff078713eb8eb276a5b7e9c78359e53fad8e4bd16dede730/	21.80084746	( 4116 / 18880 )
a519352faab0e7d8ed912d56266c0f5eeaeecc49f2595409744123c9fc34ac0f	/workspace/ella-master/ella-out/a519352faab0e7d8ed912d56266c0f5eeaeecc49f2595409744123c9fc34ac0f/	21.77004635	( 3429 / 15751 )
3d6fd7f49800286468d3740127478263ae2a99b7b7a910f4d843ac26dddf74a7	/workspace/ella-master/ella-out/3d6fd7f49800286468d3740127478263ae2a99b7b7a910f4d843ac26dddf74a7/	21.23139495	( 4907 / 23112 )
_workspace_auto_t400_2_com.oprex.nopol.apk	/workspace/ella-master/ella-out/_workspace_auto_t400_2_com.oprex.nopol.apk/	20.9236603	( 5849 / 27954 )
e6fb45215d540588edfceb850d30a36d3b971510c174f8c8519b97991fd7129f	/workspace/ella-master3/ella-out/e6fb45215d540588edfceb850d30a36d3b971510c174f8c8519b97991fd7129f/	20.28731605	( 6369 / 31394 )
1d152f7e41c5d094322e10ca9b789d5c590f1c752ec9aef90a5d2d08437cf392	/workspace/ella-master4/ella-out/1d152f7e41c5d094322e10ca9b789d5c590f1c752ec9aef90a5d2d08437cf392/	19.8704786	( 2516 / 12662 )
8145ef17eef78827404cf7aafbd1d14db515260515b8732340567b707785b893	/workspace/ella-master4/ella-out/8145ef17eef78827404cf7aafbd1d14db515260515b8732340567b707785b893/	19.79152504	( 4367 / 22065 )
a6b845cebb21321534806c25fc98d495346c93682f17f62c9e67b8495e2ced0f	/workspace/ella-master2/ella-out/a6b845cebb21321534806c25fc98d495346c93682f17f62c9e67b8495e2ced0f/	18.97557935	( 3349 / 17649 )
47a4ffb144ec75b83bca698b5db0bb1b253bd9df899fcf979d584824f0ab8fc7	/workspace/ella-master/ella-out/47a4ffb144ec75b83bca698b5db0bb1b253bd9df899fcf979d584824f0ab8fc7/	18.40893504	( 1879 / 10207 )
ff7caf44013eb22684e4a01bd88aad8b27f3141691774ac134c5146edfd7f9e3	/workspace/ella-master4/ella-out/ff7caf44013eb22684e4a01bd88aad8b27f3141691774ac134c5146edfd7f9e3/	18.12305697	( 8103 / 44711 )
6a2137bbd34046bac42f05955769c6e604f6785aa67d61fed494b8862f22baca	/workspace/ella-master3/ella-out/6a2137bbd34046bac42f05955769c6e604f6785aa67d61fed494b8862f22baca/	17.94863319	( 5430 / 30253 )
99d36465859ff1389ea0d4f3d6f002eb0de2f5bc9369493b2ff632cf9bce3c1c	/workspace/ella-master3/ella-out/99d36465859ff1389ea0d4f3d6f002eb0de2f5bc9369493b2ff632cf9bce3c1c/	17.79310345	( 129 / 725 )
416e530fe951f554dbd9c2739ead7f2203073c271522476d54a7038b9db1f232	/workspace/ella-master/ella-out/416e530fe951f554dbd9c2739ead7f2203073c271522476d54a7038b9db1f232/	17.64329171	( 551 / 3123 )
5c68fb521a3813241ae1bf9da84aa0c30576ccc00b81d53dd2dfe40e96b6d3bd	/workspace/ella-master3/ella-out/5c68fb521a3813241ae1bf9da84aa0c30576ccc00b81d53dd2dfe40e96b6d3bd/	17.41432252	( 4934 / 28333 )
33a55872f0ce14dcf92ed57b13fa211fbff4e756db61e06c89c1007943aad335	/workspace/ella-master2/ella-out/33a55872f0ce14dcf92ed57b13fa211fbff4e756db61e06c89c1007943aad335/	16.97321072	( 4245 / 25010 )
287044dbbeb6403cf5d1b49f34dcf64cab8dd7ad8ddf96bc784b22b9949435e4	/workspace/ella-master5/ella-out/287044dbbeb6403cf5d1b49f34dcf64cab8dd7ad8ddf96bc784b22b9949435e4/	16.44751655	( 7305 / 44414 )
_workspace_auto_t400_12_com.bestcarpictures.bcw.apk	/workspace/ella-master/ella-out/_workspace_auto_t400_12_com.bestcarpictures.bcw.apk/	16.39928699	( 5152 / 31416 )
242e063ee6d2aced3844e5ca99d459adb071d34f7c5377c441a95738e3bb6beb	/workspace/ella-master3/ella-out/242e063ee6d2aced3844e5ca99d459adb071d34f7c5377c441a95738e3bb6beb/	15.98390164	( 8658 / 54167 )
034a21ff014357a12dd442e4cb77a4b0683401a304da7c768e1a89f9601ac0b1	/workspace/ella-master4/ella-out/034a21ff014357a12dd442e4cb77a4b0683401a304da7c768e1a89f9601ac0b1/	15.79636745	( 3618 / 22904 )
46aed462491c54043e05268ca6cd1313ffecdd5e0bb7c6d1a80bc378c3b4d1f7	/workspace/ella-master5/ella-out/46aed462491c54043e05268ca6cd1313ffecdd5e0bb7c6d1a80bc378c3b4d1f7/	15.7061719	( 4148 / 26410 )
8274b41e14ccb8867664bc8d82c6c71e2e8944f4c34253d1dbd8f201fe17b61f	/workspace/ella-master2/ella-out/8274b41e14ccb8867664bc8d82c6c71e2e8944f4c34253d1dbd8f201fe17b61f/	15.49017808	( 3375 / 21788 )
26080e84539eb551a161206af715e65769a79c3be755f28b6419dd9f607f8a3d	/workspace/ella-master3/ella-out/26080e84539eb551a161206af715e65769a79c3be755f28b6419dd9f607f8a3d/	15.38650911	( 625 / 4062 )
4980b23dc180de007d605b1408ad081d39b36de7928af322208df339c6cf289b	/workspace/ella-master4/ella-out/4980b23dc180de007d605b1408ad081d39b36de7928af322208df339c6cf289b/	15.3132375	( 2855 / 18644 )
93da5d65e6389320ede265ce7e8bd417a8eb18dff58fedde5a3ec0b15088b48b	/workspace/ella-master/ella-out/93da5d65e6389320ede265ce7e8bd417a8eb18dff58fedde5a3ec0b15088b48b/	15.22527794	( 1301 / 8545 )
e45a86123339bfc2cb9d0b64d65bbbe8a9166b1f24a60a850d54b9777d8c9ad7	/workspace/ella-master4/ella-out/e45a86123339bfc2cb9d0b64d65bbbe8a9166b1f24a60a850d54b9777d8c9ad7/	15.08208338	( 1277 / 8467 )
c0fd2f4eff703e819166d9de80b0caf78a6ed92c2169939c9fa5dfbde611eb35	/workspace/ella-master2/ella-out/c0fd2f4eff703e819166d9de80b0caf78a6ed92c2169939c9fa5dfbde611eb35/	14.99877461	( 1836 / 12241 )
_workspace_bookT4_bussiT1234_51_ru.spdapps.spudidraw.apk	/workspace/ella-master5/ella-out/_workspace_bookT4_bussiT1234_51_ru.spdapps.spudidraw.apk/	14.54229432	( 251 / 1726 )
ac49445a3f10d21aae9f3a4431c9dbd247eed95182dfa7beea5ef1af41ce2784	/workspace/ella-master2/ella-out/ac49445a3f10d21aae9f3a4431c9dbd247eed95182dfa7beea5ef1af41ce2784/	14.49129271	( 4169 / 28769 )
2c5157a85e3d36b048d765b2fb11e975eacf97b4cccae0b8f3a487b5c4a5778b	/workspace/ella-master5/ella-out/2c5157a85e3d36b048d765b2fb11e975eacf97b4cccae0b8f3a487b5c4a5778b/	14.49073844	( 2918 / 20137 )
1135489a0e7da0f6f607b018d7278264596ce810ee949a00f1e57fab645dd151	/workspace/ella-master4/ella-out/1135489a0e7da0f6f607b018d7278264596ce810ee949a00f1e57fab645dd151/	14.45027952	( 3412 / 23612 )
d6f143901aebcaf16db4e5149180a24a778025928e86a229c48bcf3e201b73df	/workspace/ella-master5/ella-out/d6f143901aebcaf16db4e5149180a24a778025928e86a229c48bcf3e201b73df/	14.04648096	( 4261 / 30335 )
48f8a51e24d7ce61c75b3b9d98f3866d6ca7892d3b1ee1673ee69787b3bc4144	/workspace/ella-master4/ella-out/48f8a51e24d7ce61c75b3b9d98f3866d6ca7892d3b1ee1673ee69787b3bc4144/	14.02784014	( 3124 / 22270 )
_workspace_auto_t400_2_us.car.remote.toolmakers.apk	/workspace/ella-master/ella-out/_workspace_auto_t400_2_us.car.remote.toolmakers.apk/	13.82323644	( 3053 / 22086 )
77d1a1011221570e98c4fb9d3212a75cb3630551cc5a164c8cdd26fcfd201516	/workspace/ella-master4/ella-out/77d1a1011221570e98c4fb9d3212a75cb3630551cc5a164c8cdd26fcfd201516/	13.67194695	( 2969 / 21716 )
5c21d06356955733b549258fd126dca8c9d11784399a1582577ca170ee9af915	/workspace/ella-master3/ella-out/5c21d06356955733b549258fd126dca8c9d11784399a1582577ca170ee9af915/	13.64785173	( 324 / 2374 )
41e13bd81139e904160c8bd1076bb79f67d485694e2f620afdd4794372a9ef91	/workspace/ella-master5/ella-out/41e13bd81139e904160c8bd1076bb79f67d485694e2f620afdd4794372a9ef91/	13.56110075	( 5815 / 42880 )
47a7a7fea47e7577fca44ad47200e504385baa0f8a062c9c44baaafc75231281	/workspace/ella-master4/ella-out/47a7a7fea47e7577fca44ad47200e504385baa0f8a062c9c44baaafc75231281/	13.54919679	( 2699 / 19920 )
0308d5804953cf8a9d47ba35658cd90dabc14785d9dd889d16714ba85cef1f0a	/workspace/ella-master4/ella-out/0308d5804953cf8a9d47ba35658cd90dabc14785d9dd889d16714ba85cef1f0a/	13.16483176	( 849 / 6449 )
7b951a718c8b0bac1d5f6fb8c4e49d708094d6de3bf20586678616f15866691f	/workspace/ella-master2/ella-out/7b951a718c8b0bac1d5f6fb8c4e49d708094d6de3bf20586678616f15866691f/	12.81257169	( 1117 / 8718 )
a05f3bca8c576abcf0a24f375eee22231220a149f1831e863e3afdd17b4b9311	/workspace/ella-master4/ella-out/a05f3bca8c576abcf0a24f375eee22231220a149f1831e863e3afdd17b4b9311/	12.60776656	( 3422 / 27142 )
a9789820551f8f844dbcdce04bca84282028b5db145a3d00fba5beee6ac5d79e	/workspace/ella-master4/ella-out/a9789820551f8f844dbcdce04bca84282028b5db145a3d00fba5beee6ac5d79e/	12.5940113	( 2696 / 21407 )
b998729f8974d0300f38708d22539b77ed343fc8b65727ad8ca4a762f7bad1da	/workspace/ella-master2/ella-out/b998729f8974d0300f38708d22539b77ed343fc8b65727ad8ca4a762f7bad1da/	12.54190664	( 4377 / 34899 )
8be833b8a8b3b3089427a5a3ff41ab7aeefd2afee13a9ebd9031dfdf25f01d9b	/workspace/ella-master4/ella-out/8be833b8a8b3b3089427a5a3ff41ab7aeefd2afee13a9ebd9031dfdf25f01d9b/	12.52218394	( 2399 / 19158 )
2173201143c9c55cc710283ab828dce502c4dff0ecfef9c115ff0f42e30c925e	/workspace/ella-master/ella-out/2173201143c9c55cc710283ab828dce502c4dff0ecfef9c115ff0f42e30c925e/	12.47447104	( 1527 / 12241 )
d50464aa09d909248f1feecba95decc42f134413f490c2027a93c8084bf74dda	/workspace/ella-master3/ella-out/d50464aa09d909248f1feecba95decc42f134413f490c2027a93c8084bf74dda/	12.20143071	( 3019 / 24743 )
670f3853fcd1c148276aef43837b1efb4da9e2dc51baadc88afe7e45e80c0e64	/workspace/ella-master2/ella-out/670f3853fcd1c148276aef43837b1efb4da9e2dc51baadc88afe7e45e80c0e64/	12.08189501	( 5075 / 42005 )
589897cdcc7e32428be8c932f8fed7463bdd7070722afc1267f5b7c4d58216d2	/workspace/ella-master2/ella-out/589897cdcc7e32428be8c932f8fed7463bdd7070722afc1267f5b7c4d58216d2/	12.05654959	( 2729 / 22635 )
d3d6d81d4e8498bd03da33b1563d43fbdabb842d5c97e001a5c9844a4f995f09	/workspace/ella-master5/ella-out/d3d6d81d4e8498bd03da33b1563d43fbdabb842d5c97e001a5c9844a4f995f09/	12.0483871	( 2241 / 18600 )
18295f04e4600b3db16defee4b16cb987e8b81dcf66daebf6b2abdc129777587	/workspace/ella-master2/ella-out/18295f04e4600b3db16defee4b16cb987e8b81dcf66daebf6b2abdc129777587/	12.04819277	( 3290 / 27307 )
4a915f5bc7f97e3f41c8625c1f6cbe976eb911d56f4fbe8bd9206cd52cfaca01	/workspace/ella-master2/ella-out/4a915f5bc7f97e3f41c8625c1f6cbe976eb911d56f4fbe8bd9206cd52cfaca01/	12.03225806	( 2238 / 18600 )
df8699276a7a610dc32ac459d70a3ef4bf7d67debb45155be5d1048fadfe7789	/workspace/ella-master2/ella-out/df8699276a7a610dc32ac459d70a3ef4bf7d67debb45155be5d1048fadfe7789/	12.03225806	( 2238 / 18600 )
5d3c4bac15d045125d5dd51c3f373151c58635517855bb618bc43d06de842d9d	/workspace/ella-master/ella-out/5d3c4bac15d045125d5dd51c3f373151c58635517855bb618bc43d06de842d9d/	11.93847656	( 489 / 4096 )
44a352b657499bf01bbb85bc2d8691df619a1b82afe8273f1e0cd6a7d1b3d642	/workspace/ella-master5/ella-out/44a352b657499bf01bbb85bc2d8691df619a1b82afe8273f1e0cd6a7d1b3d642/	11.93548387	( 2220 / 18600 )
37e436da8dd4be3df2634c777ca59fff91a1aff6ae46c70a4417a67dabb93f01	/workspace/ella-master2/ella-out/37e436da8dd4be3df2634c777ca59fff91a1aff6ae46c70a4417a67dabb93f01/	11.89150008	( 3117 / 26212 )
7c58602446d95a63817f4952348a42e40a69441f621aabe3882fa6271d1ca21b	/workspace/ella-master3/ella-out/7c58602446d95a63817f4952348a42e40a69441f621aabe3882fa6271d1ca21b/	11.59073331	( 3147 / 27151 )
35265adc1c52f6ffad84cc7914e607eca6aee2830cffafba51c8c0e980596f01	/workspace/ella-master2/ella-out/35265adc1c52f6ffad84cc7914e607eca6aee2830cffafba51c8c0e980596f01/	11.48593671	( 5223 / 45473 )
1e67f284f7fd8b220d889e18aefb22fa1b6d1a569f136bf2257caf57268a9e19	/workspace/ella-master5/ella-out/1e67f284f7fd8b220d889e18aefb22fa1b6d1a569f136bf2257caf57268a9e19/	11.39484462	( 2365 / 20755 )
1de7b3ff35ff4952474cb3cfe3431aa8ec665ce2d31b962de225720f2179a2f5	/workspace/ella-master2/ella-out/1de7b3ff35ff4952474cb3cfe3431aa8ec665ce2d31b962de225720f2179a2f5/	11.27145582	( 3546 / 31460 )
9ebf800d2a5eafa320adca343baa9c23b2a564528ce4b4db5493170b07596907	/workspace/ella-master/ella-out/9ebf800d2a5eafa320adca343baa9c23b2a564528ce4b4db5493170b07596907/	11.27063437	( 1782 / 15811 )
6724fa8f1930605236f1c971c75cfab96325261a5c26ae108f0931e1bbfbd078	/workspace/ella-master4/ella-out/6724fa8f1930605236f1c971c75cfab96325261a5c26ae108f0931e1bbfbd078/	11.25665966	( 2303 / 20459 )
638e1a5aea290eb1fb956ff2ceadf50ead6647f50a4849a0769cc9b9782dd09f	/workspace/ella-master3/ella-out/638e1a5aea290eb1fb956ff2ceadf50ead6647f50a4849a0769cc9b9782dd09f/	11.21139473	( 2385 / 21273 )
56c2d16fb3cee35d71b8170ae24bd9cd0ce934a8c994fd45b1b39e8cd5fd4e26	/workspace/ella-master5/ella-out/56c2d16fb3cee35d71b8170ae24bd9cd0ce934a8c994fd45b1b39e8cd5fd4e26/	11.14886583	( 2428 / 21778 )
5583d4e2103dd29f455c3e4191963175319b90a6bad60f7aa111fb140e45f3d5	/workspace/ella-master3/ella-out/5583d4e2103dd29f455c3e4191963175319b90a6bad60f7aa111fb140e45f3d5/	10.98343132	( 2055 / 18710 )
2b84068112b7199fe65730d0c3cdbd599716e180a54e7fab6a359d8399e4a0b0	/workspace/ella-master3/ella-out/2b84068112b7199fe65730d0c3cdbd599716e180a54e7fab6a359d8399e4a0b0/	10.92392133	( 1433 / 13118 )
9ab9a666c9466529c4fdb128938566e3c40d0bc8fbb711bbceefdcf142b2dd16	/workspace/ella-master5/ella-out/9ab9a666c9466529c4fdb128938566e3c40d0bc8fbb711bbceefdcf142b2dd16/	10.8476902	( 1423 / 13118 )
90979f21875a627eaa5deff228340e9654815b9bcdbba48cb959eda18a253c52	/workspace/ella-master2/ella-out/90979f21875a627eaa5deff228340e9654815b9bcdbba48cb959eda18a253c52/	10.7443263	( 2031 / 18903 )
cbf339f069876536a32570b129bb22ff4410353875ce5ca65890798ffb7e9243	/workspace/ella-master2/ella-out/cbf339f069876536a32570b129bb22ff4410353875ce5ca65890798ffb7e9243/	10.7305082	( 2008 / 18713 )
_workspace_auto_t400_13_kb2.soft.fuelmanager.apk	/workspace/ella-master/ella-out/_workspace_auto_t400_13_kb2.soft.fuelmanager.apk/	10.65045512	( 4809 / 45153 )
dfd1e800bdfa9fff447c75882ac7cefe052372f9e566ed80de18b9c3f9bd1699	/workspace/ella-master2/ella-out/dfd1e800bdfa9fff447c75882ac7cefe052372f9e566ed80de18b9c3f9bd1699/	10.59123982	( 2198 / 20753 )
36b8015a246fd49ac851a24110f3a53bbce96220389fe5a58b49be940fed5a44	/workspace/ella-master5/ella-out/36b8015a246fd49ac851a24110f3a53bbce96220389fe5a58b49be940fed5a44/	10.49475262	( 140 / 1334 )
94f60e17608783772ccef3483b585621074aac5094c355f7ffa45812724b9b9a	/workspace/ella-master2/ella-out/94f60e17608783772ccef3483b585621074aac5094c355f7ffa45812724b9b9a/	10.44278686	( 1974 / 18903 )
cf8a25a78489a34c94b6885c7e836d56b4381046226c9686a9fb22ddeeb5a095	/workspace/ella-master2/ella-out/cf8a25a78489a34c94b6885c7e836d56b4381046226c9686a9fb22ddeeb5a095/	10.43656207	( 2448 / 23456 )
45faac152e0173c8807f60451c7492f38ebb53b47318f5a12968d67a1aab83ee	/workspace/ella-master4/ella-out/45faac152e0173c8807f60451c7492f38ebb53b47318f5a12968d67a1aab83ee/	9.789024604	( 1675 / 17111 )
8fcab78286618cc8002fe23e71008d97e0ea5292a68aef16c1d930010202fa79	/workspace/ella-master5/ella-out/8fcab78286618cc8002fe23e71008d97e0ea5292a68aef16c1d930010202fa79/	9.686817189	( 1330 / 13730 )
d1533b686b8feb6f6ab53f1d674eaaf05556218346feba32aa1112e153c5a0cc	/workspace/ella-master5/ella-out/d1533b686b8feb6f6ab53f1d674eaaf05556218346feba32aa1112e153c5a0cc/	9.627547435	( 411 / 4269 )
95c1ea52fd6c099878e3fcc871b6fb41ae0fe2ea5597869adf2ce42b763c3269	/workspace/ella-master/ella-out/95c1ea52fd6c099878e3fcc871b6fb41ae0fe2ea5597869adf2ce42b763c3269/	9.60740185	( 1921 / 19995 )
8e1fb1e5d572cff3a7a556d533ea7fdc1088f826c398f661a3f2a277eee8ae24	/workspace/ella-master3/ella-out/8e1fb1e5d572cff3a7a556d533ea7fdc1088f826c398f661a3f2a277eee8ae24/	9.547386847	( 1909 / 19995 )
6dff2ec274144fe32760509719de06a3d607a7f4b6d664fcb6edae13eda675be	/workspace/ella-master4/ella-out/6dff2ec274144fe32760509719de06a3d607a7f4b6d664fcb6edae13eda675be/	9.513590844	( 1463 / 15378 )
7a3bb49255526a4401f53034d3da2dfef21fd72522f763c2e8a63fd6cd104fd5	/workspace/ella-master2/ella-out/7a3bb49255526a4401f53034d3da2dfef21fd72522f763c2e8a63fd6cd104fd5/	9.481900972	( 1239 / 13067 )
f464e5875711d616c2ee1aa315e60ce9620537cc79e7e8486c78e1f5ba78327c	/workspace/ella-master4/ella-out/f464e5875711d616c2ee1aa315e60ce9620537cc79e7e8486c78e1f5ba78327c/	9.471418321	( 396 / 4181 )
55138a957f8ccb470432d63557da31214dbe752de4623809dc53bdf90768de78	/workspace/ella-master3/ella-out/55138a957f8ccb470432d63557da31214dbe752de4623809dc53bdf90768de78/	9.247648903	( 826 / 8932 )
b10cccda689baf0856f905622b9a1158096249ed3d2062d68e18383da85de312	/workspace/ella-master3/ella-out/b10cccda689baf0856f905622b9a1158096249ed3d2062d68e18383da85de312/	9.104288599	( 2660 / 29217 )
17d34c21ab903aaac76dc70ab0b800ac5a6ab85f70a461615f6baa06c5fca402	/workspace/ella-master3/ella-out/17d34c21ab903aaac76dc70ab0b800ac5a6ab85f70a461615f6baa06c5fca402/	8.927051907	( 1154 / 12927 )
4714b0beae5eaac8a9d1981d2c1c32347bea2f9539cd36514861a72a2474d1e8	/workspace/ella-master4/ella-out/4714b0beae5eaac8a9d1981d2c1c32347bea2f9539cd36514861a72a2474d1e8/	8.863290589	( 4078 / 46010 )
8bdcd801f504c14fedf2b4c0212708f2179608bd8969714038249412f8f487ad	/workspace/ella-master/ella-out/8bdcd801f504c14fedf2b4c0212708f2179608bd8969714038249412f8f487ad/	8.545211241	( 447 / 5231 )
9b79b4a7746e4918a1a57961fa168155c762bdec78c0e47c161af82570f5de70	/workspace/ella-master4/ella-out/9b79b4a7746e4918a1a57961fa168155c762bdec78c0e47c161af82570f5de70/	8.519602107	( 728 / 8545 )
99cbe46134fc0495102f178da92fd8a144be091eba4bf1cb2264d6036702df85	/workspace/ella-master5/ella-out/99cbe46134fc0495102f178da92fd8a144be091eba4bf1cb2264d6036702df85/	8.364906465	( 1413 / 16892 )
5cd40c74471114de2f0ebf91ae3176a75dce0372ecb7cc96440ca5f49922d452	/workspace/ella-master3/ella-out/5cd40c74471114de2f0ebf91ae3176a75dce0372ecb7cc96440ca5f49922d452/	8.083435333	( 1585 / 19608 )
7ff4728a73586bee8db3e8ecc74bbdb930d8322a120fe48e56a6591759053785	/workspace/ella-master4/ella-out/7ff4728a73586bee8db3e8ecc74bbdb930d8322a120fe48e56a6591759053785/	7.84950975	( 1425 / 18154 )
_workspace_auto_t400_5_com.fortunestudios.chingchi.tuktuk.driver.apk	/workspace/ella-master/ella-out/_workspace_auto_t400_5_com.fortunestudios.chingchi.tuktuk.driver.apk/	7.784655787	( 415 / 5331 )
425c453ee9ced5305a0723446878e6da114b4ed778184307a07ad01d3380ce1d	/workspace/ella-master5/ella-out/425c453ee9ced5305a0723446878e6da114b4ed778184307a07ad01d3380ce1d/	7.287753569	( 1358 / 18634 )
bd422945ebcbfe8ef478360e1b2eb85fc2a2d8f6af8206e363fc739f2d433ab4	/workspace/ella-master2/ella-out/bd422945ebcbfe8ef478360e1b2eb85fc2a2d8f6af8206e363fc739f2d433ab4/	7.25525219	( 853 / 11757 )
5e407255a6e707ba04f5dd3f9be87f6443dd8d89da2122fcd7294e532adf3898	/workspace/ella-master3/ella-out/5e407255a6e707ba04f5dd3f9be87f6443dd8d89da2122fcd7294e532adf3898/	7.148407148	( 552 / 7722 )
24b1918b859691717cd071c63e57c76848ee53076ec3520f4ba70d8f608d8a6f	/workspace/ella-master5/ella-out/24b1918b859691717cd071c63e57c76848ee53076ec3520f4ba70d8f608d8a6f/	6.994989451	( 2122 / 30336 )
9fd3c00491628aa4912a0bd6426003acdfcfa27fcb4567a98a4fd7d9201ea960	/workspace/ella-master/ella-out/9fd3c00491628aa4912a0bd6426003acdfcfa27fcb4567a98a4fd7d9201ea960/	6.658450967	( 1783 / 26778 )
a0279692d3b3b769bfd1aafc1ea4124016b5d41b9a53243abb47818fdc9f83bc	/workspace/ella-master4/ella-out/a0279692d3b3b769bfd1aafc1ea4124016b5d41b9a53243abb47818fdc9f83bc/	6.591466827	( 3062 / 46454 )
395e687fe9a78f644e0a15ff86ee69e82057600dbd095cacd9227893e3f2119c	/workspace/ella-master5/ella-out/395e687fe9a78f644e0a15ff86ee69e82057600dbd095cacd9227893e3f2119c/	6.512809022	( 1744 / 26778 )
_workspace_beautyT100_beautyT200_beautyT300_beautyT400_bookT100_bookT200_bookT300_36_com.iesmate.apk	/workspace/ella-master4/ella-out/_workspace_beautyT100_beautyT200_beautyT300_beautyT400_bookT100_bookT200_bookT300_36_com.iesmate.apk/	6.495106427	( 949 / 14611 )
1bc03bf12bd657981290308399d06949efae608e905556cec21c756000667ebe	/workspace/ella-master2/ella-out/1bc03bf12bd657981290308399d06949efae608e905556cec21c756000667ebe/	6.482930647	( 2651 / 40892 )
8b75e8efc41a68f57193cd8fd401ebe7e42f03c2df5a7f76b0a3e211a1cbefa9	/workspace/ella-master5/ella-out/8b75e8efc41a68f57193cd8fd401ebe7e42f03c2df5a7f76b0a3e211a1cbefa9/	6.398973231	( 1047 / 16362 )
b77652d886b1235666b000ed45f928110fc0d7e756e73ea41dbf6fcb07980c52	/workspace/ella-master2/ella-out/b77652d886b1235666b000ed45f928110fc0d7e756e73ea41dbf6fcb07980c52/	6.316834708	( 1654 / 26184 )
b0f4b2fd10542a417523130e0208e13cca75eded1bde09f3a5be4a989f2a97d1	/workspace/ella-master3/ella-out/b0f4b2fd10542a417523130e0208e13cca75eded1bde09f3a5be4a989f2a97d1/	6.138356609	( 189 / 3079 )
62c77b7d65dd5b91cc7cca8e0e3f985bed4b6669b522f4400ad18eff30bcf17e	/workspace/ella-master2/ella-out/62c77b7d65dd5b91cc7cca8e0e3f985bed4b6669b522f4400ad18eff30bcf17e/	6.049343666	( 765 / 12646 )
59ab7f5a8c8135b02f9375f8238c8c0183cd6d4e9efab7f15541b93c45d52b99	/workspace/ella-master5/ella-out/59ab7f5a8c8135b02f9375f8238c8c0183cd6d4e9efab7f15541b93c45d52b99/	5.885327131	( 582 / 9889 )
8cdf71ae109831baf24cbb57961769e8518b7aea692b4af3da40162d033855c4	/workspace/ella-master2/ella-out/8cdf71ae109831baf24cbb57961769e8518b7aea692b4af3da40162d033855c4/	5.860814627	( 2449 / 41786 )
da32125dfcdc1ce70adc247a6025ac93a53f877e53f205ed99992d9dcea98959	/workspace/ella-master/ella-out/da32125dfcdc1ce70adc247a6025ac93a53f877e53f205ed99992d9dcea98959/	5.690376569	( 1496 / 26290 )
e32e4e6e25e806da34f57d90bf4f0e634f3a42fa91fb3bf6bc38bf3e3d79a1be	/workspace/ella-master/ella-out/e32e4e6e25e806da34f57d90bf4f0e634f3a42fa91fb3bf6bc38bf3e3d79a1be/	5.556090979	( 1153 / 20752 )
ca25b5b5d66dcb7ca4b061881756454b6c00fc8a79a90c9433675dc15b630124	/workspace/ella-master2/ella-out/ca25b5b5d66dcb7ca4b061881756454b6c00fc8a79a90c9433675dc15b630124/	5.491424802	( 333 / 6064 )
c8a6ba95f3e0368a854dc16a41942bb2d3bdd2fee26696ee47d469ede104c2ca	/workspace/ella-master2/ella-out/c8a6ba95f3e0368a854dc16a41942bb2d3bdd2fee26696ee47d469ede104c2ca/	5.463040613	( 456 / 8347 )
6e74895bf7ee3f7b260889ed9bc95989fbf34ecbe67121349e71bba7cb059430	/workspace/ella-master3/ella-out/6e74895bf7ee3f7b260889ed9bc95989fbf34ecbe67121349e71bba7cb059430/	5.40943183	( 1053 / 19466 )
42b1ac1b4a55a6a10a8065ac2a4c8e7238c0802292d89b25a834f4a5a522d9a2	/workspace/ella-master2/ella-out/42b1ac1b4a55a6a10a8065ac2a4c8e7238c0802292d89b25a834f4a5a522d9a2/	5.314009662	( 275 / 5175 )
3e3669c8a63641728ac28e91df3b8cd4726c19b916baf60aaccfa5ffb15f0300	/workspace/ella-master4/ella-out/3e3669c8a63641728ac28e91df3b8cd4726c19b916baf60aaccfa5ffb15f0300/	5.294512878	( 1182 / 22325 )
33cf624d743bf33d000b5c3489b690fe866e8f79164591620082fd3e717658c9	/workspace/ella-master2/ella-out/33cf624d743bf33d000b5c3489b690fe866e8f79164591620082fd3e717658c9/	5.244622121	( 2204 / 42024 )
_workspace_auto_t400_12_com.repuvemx.consulta.apk	/workspace/ella-master/ella-out/_workspace_auto_t400_12_com.repuvemx.consulta.apk/	5.2298376	( 380 / 7266 )
f70275e6bae52c2a0b49f7e8a0616f1949b160fe39a41cadd659c81eff6ace34	/workspace/ella-master4/ella-out/f70275e6bae52c2a0b49f7e8a0616f1949b160fe39a41cadd659c81eff6ace34/	5.046849238	( 1255 / 24867 )
f0b58a466020ebda137555f77e0e1502988e3ab613519805f9c8a2bc7e871177	/workspace/ella-master2/ella-out/f0b58a466020ebda137555f77e0e1502988e3ab613519805f9c8a2bc7e871177/	4.951690821	( 1394 / 28152 )
a0df63b58f61066da390d21f7f1050d81a9a7ba6ec31efb39054d3349e540c53	/workspace/ella-master2/ella-out/a0df63b58f61066da390d21f7f1050d81a9a7ba6ec31efb39054d3349e540c53/	4.85508982	( 2027 / 41750 )
9918b84b5f8fb1005419bcb092b93c1bdd94f715b30f637abb02aa4698b7918c	/workspace/ella-master3/ella-out/9918b84b5f8fb1005419bcb092b93c1bdd94f715b30f637abb02aa4698b7918c/	4.565497592	( 673 / 14741 )
_workspace_beautyT100_beautyT200_beautyT300_beautyT400_bookT100_bookT200_bookT300_10_egw.estate.apk	/workspace/ella-master/ella-out/_workspace_beautyT100_beautyT200_beautyT300_beautyT400_bookT100_bookT200_bookT300_10_egw.estate.apk/	4.495089398	( 714 / 15884 )
821d039c112af8c5830babc4f2281a1ee20fafa862097ab4b0d075a812bf1bec	/workspace/ella-master2/ella-out/821d039c112af8c5830babc4f2281a1ee20fafa862097ab4b0d075a812bf1bec/	4.435839957	( 1306 / 29442 )
02c02e2679a5c496efa198842bdb627c75efd2d12998d3a2e2cee8360b9d64aa	/workspace/ella-master/ella-out/02c02e2679a5c496efa198842bdb627c75efd2d12998d3a2e2cee8360b9d64aa/	4.316592098	( 685 / 15869 )
28e9e1c00d8a4d174033f40753f7c6318621cad588b1608ccb124d8a201d891e	/workspace/ella-master/ella-out/28e9e1c00d8a4d174033f40753f7c6318621cad588b1608ccb124d8a201d891e/	4.316592098	( 685 / 15869 )
11f2f4328037d5fa66c095875b1e622cea5fe171d9f7c184fccb8ba8e549f19a	/workspace/ella-master3/ella-out/11f2f4328037d5fa66c095875b1e622cea5fe171d9f7c184fccb8ba8e549f19a/	4.238426774	( 1041 / 24561 )
02791a41f0b4b9bdba59ce4ab25c2270acf634bfe15f958c1996703a4fdd98f3	/workspace/ella-master/ella-out/02791a41f0b4b9bdba59ce4ab25c2270acf634bfe15f958c1996703a4fdd98f3/	4.109406271	( 308 / 7495 )
c89fa34e3782e5a899ff6472580b9a7613b9bf4c115d1ed4c6375ae64a902ff9	/workspace/ella-master5/ella-out/c89fa34e3782e5a899ff6472580b9a7613b9bf4c115d1ed4c6375ae64a902ff9/	4.109306522	( 797 / 19395 )
399d8088f8866510bac18cb3653222a2d985f4e70b90124f1792b7244466313a	/workspace/ella-master5/ella-out/399d8088f8866510bac18cb3653222a2d985f4e70b90124f1792b7244466313a/	4.072742652	( 963 / 23645 )
301efa7f8ea71c58788813c8bac432d3da17ba82834dfa6d21e2b9af14385ea6	/workspace/ella-master2/ella-out/301efa7f8ea71c58788813c8bac432d3da17ba82834dfa6d21e2b9af14385ea6/	4.038736166	( 905 / 22408 )
5ac7387bad1d5a24cd41776e5438996702c6db5a678cff07e9983c25e68d2d50	/workspace/ella-master2/ella-out/5ac7387bad1d5a24cd41776e5438996702c6db5a678cff07e9983c25e68d2d50/	4.034273474	( 904 / 22408 )
cd0ac1ba40064958874f11d93093b0a0869d0107065ec9f9c7fa6bd4923701e8	/workspace/ella-master3/ella-out/cd0ac1ba40064958874f11d93093b0a0869d0107065ec9f9c7fa6bd4923701e8/	3.962543125	( 402 / 10145 )
ef6d6aa7fc9516a0886ee32568644fc739a33d4e01abac91bf3781a7ddf78903	/workspace/ella-master2/ella-out/ef6d6aa7fc9516a0886ee32568644fc739a33d4e01abac91bf3781a7ddf78903/	3.936094252	( 882 / 22408 )
5434e1bdfb718b96ce5e655d196e916f2001b3580d90480147abea2e165e373a	/workspace/ella-master3/ella-out/5434e1bdfb718b96ce5e655d196e916f2001b3580d90480147abea2e165e373a/	3.880834794	( 1218 / 31385 )
88e781661f541006e85f2d497eea36eeea4ab0ac728637e4460b0a1948bac61c	/workspace/ella-master5/ella-out/88e781661f541006e85f2d497eea36eeea4ab0ac728637e4460b0a1948bac61c/	3.782061494	( 1187 / 31385 )
496820beecc901d32876d38ea664543d1b3a525f01ed8879e206136e8614f12f	/workspace/ella-master/ella-out/496820beecc901d32876d38ea664543d1b3a525f01ed8879e206136e8614f12f/	3.769316552	( 1183 / 31385 )
_workspace_bookT4_bussiT1234_50_com.ethiopian.arada.apk	/workspace/ella-master4/ella-out/_workspace_bookT4_bussiT1234_50_com.ethiopian.arada.apk/	3.752066816	( 885 / 23587 )
eb224861036c2b2cddbd64bddcd35132f6bc49ff45e979911bd8fc7f87d376d0	/workspace/ella-master3/ella-out/eb224861036c2b2cddbd64bddcd35132f6bc49ff45e979911bd8fc7f87d376d0/	3.664170782	( 1150 / 31385 )
f32d6972f0e84b6629efacadf01201a12cf35871c3bdb01b833d09b5174447ee	/workspace/ella-master2/ella-out/f32d6972f0e84b6629efacadf01201a12cf35871c3bdb01b833d09b5174447ee/	3.562038843	( 420 / 11791 )
82aefd99ff4246432ee6a4265ee20ab99a8210546e6eb91a8beaa39053ef2431	/workspace/ella-master2/ella-out/82aefd99ff4246432ee6a4265ee20ab99a8210546e6eb91a8beaa39053ef2431/	3.511871894	( 954 / 27165 )
cbe57531b7d294b59f9246f6e4066b5ce67cc3dc380cc166e08fb9dbf0b24586	/workspace/ella-master2/ella-out/cbe57531b7d294b59f9246f6e4066b5ce67cc3dc380cc166e08fb9dbf0b24586/	3.478815534	( 1418 / 40761 )
0c6c5513eb3f2356ced2aa2b6e12a13dba6a5d3044ad4cee23bae99e5d94c77c	/workspace/ella-master5/ella-out/0c6c5513eb3f2356ced2aa2b6e12a13dba6a5d3044ad4cee23bae99e5d94c77c/	3.476362209	( 1417 / 40761 )
25d64a85ffe13eaa83c37d67e71ea61f4328d6fd15cbbb4bd660dd56fbf557d7	/workspace/ella-master3/ella-out/25d64a85ffe13eaa83c37d67e71ea61f4328d6fd15cbbb4bd660dd56fbf557d7/	3.459952886	( 1410 / 40752 )
44b6be5936e0f179ef25aee27e29a77a08848af7d2e229d1d1cd8af4cae8bf26	/workspace/ella-master5/ella-out/44b6be5936e0f179ef25aee27e29a77a08848af7d2e229d1d1cd8af4cae8bf26/	3.379162575	( 757 / 22402 )
260ebc00c4e3ae00f873516e99f283bbb5f63dd094321896636a0d3ef4cd5f1e	/workspace/ella-master5/ella-out/260ebc00c4e3ae00f873516e99f283bbb5f63dd094321896636a0d3ef4cd5f1e/	3.377897706	( 1377 / 40765 )
b655debc1e68801b9ecd180472628eb0ebdf38d0630756e61a1aa923de65a806	/workspace/ella-master2/ella-out/b655debc1e68801b9ecd180472628eb0ebdf38d0630756e61a1aa923de65a806/	3.358957219	( 201 / 5984 )
96e216e7d84de9e557271a578eb5110aba8f74b083040541c2fbe60b99be6823	/workspace/ella-master3/ella-out/96e216e7d84de9e557271a578eb5110aba8f74b083040541c2fbe60b99be6823/	3.342361	( 1049 / 31385 )
dcbe34bd636756fa6826ac91e8a2996481f3ead604394288225e394b249d969b	/workspace/ella-master2/ella-out/dcbe34bd636756fa6826ac91e8a2996481f3ead604394288225e394b249d969b/	3.155302447	( 205 / 6497 )
e47406315b109d42048e8bbf390b7e46b28ac6c972036bfc12b70389ed62079c	/workspace/ella-master3/ella-out/e47406315b109d42048e8bbf390b7e46b28ac6c972036bfc12b70389ed62079c/	3.058684347	( 1241 / 40573 )
ba121f170176ae75940895ac6009d7bb89a9d61376e447cdf9d7f53445dd09e1	/workspace/ella-master2/ella-out/ba121f170176ae75940895ac6009d7bb89a9d61376e447cdf9d7f53445dd09e1/	2.953912111	( 689 / 23325 )
4efef79398f96ac905ccb202d1bed784aa50bf953180d4a9487ee4b6cc217542	/workspace/ella-master5/ella-out/4efef79398f96ac905ccb202d1bed784aa50bf953180d4a9487ee4b6cc217542/	2.942099834	( 656 / 22297 )
_workspace_auto_t400_13_com.ProcessGames.X5DriftSimulator.apk	/workspace/ella-master/ella-out/_workspace_auto_t400_13_com.ProcessGames.X5DriftSimulator.apk/	2.902155887	( 35 / 1206 )
482117a5c624a485186f5f31208733566ff79b7f7abbd6e5cca170c480288dbe	/workspace/ella-master3/ella-out/482117a5c624a485186f5f31208733566ff79b7f7abbd6e5cca170c480288dbe/	2.878495316	( 805 / 27966 )
8839214d4fb5a56e1a44b272c225ec6644c35e93ee499836b9bc223ef67d430d	/workspace/ella-master/ella-out/8839214d4fb5a56e1a44b272c225ec6644c35e93ee499836b9bc223ef67d430d/	2.668938103	( 470 / 17610 )
_workspace_auto_t400_2_com.gigil.drive.simulation.roadconstruction.apps.apk	/workspace/ella-master/ella-out/_workspace_auto_t400_2_com.gigil.drive.simulation.roadconstruction.apps.apk/	2.596491228	( 296 / 11400 )
_workspace_auto_t400_13_com.carbikeloans.loans.apk	/workspace/ella-master/ella-out/_workspace_auto_t400_13_com.carbikeloans.loans.apk/	2.55560814	( 162 / 6339 )
ce06b92be8492c4e87533fa1c24e71ef463c95531c56ba6790c96aed87242a9e	/workspace/ella-master5/ella-out/ce06b92be8492c4e87533fa1c24e71ef463c95531c56ba6790c96aed87242a9e/	2.544422015	( 1147 / 45079 )
f68c15ad27abb6abe7c9986a31d7dccd2bb3b341796d8fecb36424faa61935af	/workspace/ella-master2/ella-out/f68c15ad27abb6abe7c9986a31d7dccd2bb3b341796d8fecb36424faa61935af/	2.526595745	( 38 / 1504 )
ee06af4cc97a6ae69e256b2a730d9987dc9e582f606c245b39d8b65ee051e440	/workspace/ella-master4/ella-out/ee06af4cc97a6ae69e256b2a730d9987dc9e582f606c245b39d8b65ee051e440/	2.494631516	( 546 / 21887 )
9a95ba3aca953f9e61cb143f08313d02c7bc848578907e3b62bc4db66fbef22e	/workspace/ella-master/ella-out/9a95ba3aca953f9e61cb143f08313d02c7bc848578907e3b62bc4db66fbef22e/	2.488284602	( 377 / 15151 )
476501464960a95e8f45c8049c9e14cdafeb227ba363669f4196f3f122ef4c09	/workspace/ella-master2/ella-out/476501464960a95e8f45c8049c9e14cdafeb227ba363669f4196f3f122ef4c09/	2.475967846	( 1038 / 41923 )
240a1a102dedb159d671ad1758041ec96c4d7e3918a04afa2aa8df5f7050afd8	/workspace/ella-master/ella-out/240a1a102dedb159d671ad1758041ec96c4d7e3918a04afa2aa8df5f7050afd8/	2.468135795	( 1036 / 41975 )
179b4fc272bf152d67575a9b6c0c849c298eff12ce47e228341066890a468242	/workspace/ella-master5/ella-out/179b4fc272bf152d67575a9b6c0c849c298eff12ce47e228341066890a468242/	1.894789329	( 304 / 16044 )
e63f0004f55ae6201c440d3d9301de731754ccc8e20c1fc07f81d56fe9b29405	/workspace/ella-master/ella-out/e63f0004f55ae6201c440d3d9301de731754ccc8e20c1fc07f81d56fe9b29405/	1.856860291	( 460 / 24773 )
bc2e9456abfc1e7837bf3dab7ad88abd8959bd290d9bfbbb7d3c1eba66981ab9	/workspace/ella-master3/ella-out/bc2e9456abfc1e7837bf3dab7ad88abd8959bd290d9bfbbb7d3c1eba66981ab9/	1.776371821	( 146 / 8219 )
77b5017b3018f59b5c319b40001bf839687df36e982daa2ccb1c2795b212b3b6	/workspace/ella-master4/ella-out/77b5017b3018f59b5c319b40001bf839687df36e982daa2ccb1c2795b212b3b6/	1.693521868	( 412 / 24328 )
558d4933b290563fd9f083ad8d3a2cfb3626db8e601fe768d215fa4f00618c6e	/workspace/ella-master5/ella-out/558d4933b290563fd9f083ad8d3a2cfb3626db8e601fe768d215fa4f00618c6e/	1.650211566	( 351 / 21270 )
f06e6c913d3a01d24810ab84b86b0d6f749e401cef2f0959d68259b299094bca	/workspace/ella-master5/ella-out/f06e6c913d3a01d24810ab84b86b0d6f749e401cef2f0959d68259b299094bca/	1.622643249	( 352 / 21693 )
ae82a931c5423510e8c7c67c2404b72432fa53a0cffb136cb2df58beace91b6e	/workspace/ella-master5/ella-out/ae82a931c5423510e8c7c67c2404b72432fa53a0cffb136cb2df58beace91b6e/	1.393454792	( 657 / 47149 )
727266f79938f0b76dbb6ba31d43535ea67b9a3b20e15aa20ce248f43c3baee8	/workspace/ella-master5/ella-out/727266f79938f0b76dbb6ba31d43535ea67b9a3b20e15aa20ce248f43c3baee8/	1.366963261	( 381 / 27872 )
b0a5a258efb264dbb8eb1164ff55506c69d0f6ab43373e40f8f98c23868cf421	/workspace/ella-master4/ella-out/b0a5a258efb264dbb8eb1164ff55506c69d0f6ab43373e40f8f98c23868cf421/	1.281366791	( 48 / 3746 )
cc177c5d6429c13ce94815ac6546dcca01610966f8ef06952fe581ccdffa8b60	/workspace/ella-master4/ella-out/cc177c5d6429c13ce94815ac6546dcca01610966f8ef06952fe581ccdffa8b60/	1.012448133	( 122 / 12050 )
f3b3f3759fec47e2eafcaf28bcefaff4e8461b470d6c3c5c6ae7ac472d5f1bcf	/workspace/ella-master2/ella-out/f3b3f3759fec47e2eafcaf28bcefaff4e8461b470d6c3c5c6ae7ac472d5f1bcf/	0.9785932722	( 80 / 8175 )
5e8c5b91f4f0bb99d88cc44473211de3bff6d90937b2dd6dac6a62197c6db83e	/workspace/ella-master5/ella-out/5e8c5b91f4f0bb99d88cc44473211de3bff6d90937b2dd6dac6a62197c6db83e/	0.9597827614	( 205 / 21359 )
42a4bcad92435c2a0ef010a71eadd9609121b20f2ebaa62e064bbe026ff0d9d2	/workspace/ella-master4/ella-out/42a4bcad92435c2a0ef010a71eadd9609121b20f2ebaa62e064bbe026ff0d9d2/	0.9526478005	( 34 / 3569 )
_workspace_auto_t400_13_com.fortunestudios.battlehelicopterrescue.apk	/workspace/ella-master/ella-out/_workspace_auto_t400_13_com.fortunestudios.battlehelicopterrescue.apk/	0.7544836116	( 61 / 8085 )
20061d662a500ffcaf3adcca0d04964073b79946ee0ea0b09e97640556795416	/workspace/ella-master/ella-out/20061d662a500ffcaf3adcca0d04964073b79946ee0ea0b09e97640556795416/	0.6882797869	( 283 / 41117 )
146f0b9e815f7c25c5a6c846f9ba5f959b98399d0ae94d03f7c1feb816adb778	/workspace/ella-master4/ella-out/146f0b9e815f7c25c5a6c846f9ba5f959b98399d0ae94d03f7c1feb816adb778/	0.624882364	( 166 / 26565 )
cd60d0417bf2596267f3e06109095055dee26a14c678b27d7e3bb424b57e510b	/workspace/ella-master4/ella-out/cd60d0417bf2596267f3e06109095055dee26a14c678b27d7e3bb424b57e510b/	0.3038924092	( 47 / 15466 )
7ccf3968056b8792cabb118387277938bfe0892f42284d272b3d53dbf9d00560	/workspace/ella-master5/ella-out/7ccf3968056b8792cabb118387277938bfe0892f42284d272b3d53dbf9d00560/	0.1790510295	( 4 / 2234 )
fb882fb2a3660fd96de0f1b2de42dd82de195e523cf38593ed4fe19a1ebae309	/workspace/ella-master2/ella-out/fb882fb2a3660fd96de0f1b2de42dd82de195e523cf38593ed4fe19a1ebae309/	0.1593625498	( 2 / 1255 )
567a3170da451e03f286aa83ec28ccb9c81cef34bc59292d59654c1ef2a6f809	/workspace/ella-master/ella-out/567a3170da451e03f286aa83ec28ccb9c81cef34bc59292d59654c1ef2a6f809/	0.1263725463	( 45 / 35609 )
4a8456a726c924f59aa5ae8f22ffaf664bb2c5adc24000f8e16588ce3a3bc7aa	/workspace/ella-master3/ella-out/4a8456a726c924f59aa5ae8f22ffaf664bb2c5adc24000f8e16588ce3a3bc7aa/	0.06686354265	( 12 / 17947 )
02360037cabe918a1a679439cc799423d48cfb20db62d54c91b3ad9207d59f84	/workspace/ella-master2/ella-out/02360037cabe918a1a679439cc799423d48cfb20db62d54c91b3ad9207d59f84/	0.01014301653	( 2 / 19718 )
a546882dacba0f540562d07e72f89207cc28284f4045fab8b08fb3ea9b164379	/workspace/ella-master3/ella-out/a546882dacba0f540562d07e72f89207cc28284f4045fab8b08fb3ea9b164379/	0.005211998019	( 2 / 38373 )
5eda3e81e2de022a7b502bf939e4beba8da9a0809a0e5adf6c1f33d51d99278a	/workspace/ella-master/out_no_gpu/5eda3e81e2de022a7b502bf939e4beba8da9a0809a0e5adf6c1f33d51d99278a/	0.4377431907	( 36 / 8224 )
bb9eae2aca00044718e65db7d46c21189d9a03bb5b5cce998bdd8c8a73706f98	/workspace/ella-master/out_no_gpu/bb9eae2aca00044718e65db7d46c21189d9a03bb5b5cce998bdd8c8a73706f98/	25.67114094	( 306 / 1192 )
c41a16cad89bbd44816c7f8a37e88d8457699a36cf018de8e287ce263a78fbe2	/workspace/ella-master/out_no_gpu/c41a16cad89bbd44816c7f8a37e88d8457699a36cf018de8e287ce263a78fbe2/	1.315472607	( 437 / 33220 )
d8aa111a88c6ba397a41ba584056220e9d3dad50bbc3c5db8f2ffed31a770138	/workspace/ella-master/out_no_gpu/d8aa111a88c6ba397a41ba584056220e9d3dad50bbc3c5db8f2ffed31a770138/	23.48822406	( 369 / 1571 )
_workspace_art_design_12_com.quarzo.paintmandalas.apk	/workspace/ella-master/out_no_gpu/_workspace_art_design_12_com.quarzo.paintmandalas.apk/	12.89551219	( 3020 / 23419 )
_workspace_art_design_12_com.tattoo.maker.design.app.apk	/workspace/ella-master/out_no_gpu/_workspace_art_design_12_com.tattoo.maker.design.app.apk/	8.580414437	( 3383 / 39427 )
_workspace_art_design_3_com.SpartanApps.AutoGamingLogoMaker.apk	/workspace/ella-master/out_no_gpu/_workspace_art_design_3_com.SpartanApps.AutoGamingLogoMaker.apk/	12.90732848	( 3755 / 29092 )
_workspace_auto_t400_12_com.bestcarpictures.bcw.apk	/workspace/ella-master/out_no_gpu/_workspace_auto_t400_12_com.bestcarpictures.bcw.apk/	1.180926916	( 371 / 31416 )
_workspace_auto_t400_12_com.repuvemx.consulta.apk	/workspace/ella-master/out_no_gpu/_workspace_auto_t400_12_com.repuvemx.consulta.apk/	4.679328379	( 340 / 7266 )
_workspace_auto_t400_13_com.carbikeloans.loans.apk	/workspace/ella-master/out_no_gpu/_workspace_auto_t400_13_com.carbikeloans.loans.apk/	2.55560814	( 162 / 6339 )
_workspace_auto_t400_13_com.fortunestudios.battlehelicopterrescue.apk	/workspace/ella-master/out_no_gpu/_workspace_auto_t400_13_com.fortunestudios.battlehelicopterrescue.apk/	0.729746444	( 59 / 8085 )
_workspace_auto_t400_13_com.ProcessGames.X5DriftSimulator.apk	/workspace/ella-master/out_no_gpu/_workspace_auto_t400_13_com.ProcessGames.X5DriftSimulator.apk/	2.902155887	( 35 / 1206 )
_workspace_auto_t400_13_kb2.soft.fuelmanager.apk	/workspace/ella-master/out_no_gpu/_workspace_auto_t400_13_kb2.soft.fuelmanager.apk/	8.302881315	( 3749 / 45153 )
_workspace_auto_t400_2_com.gigil.drive.simulation.roadconstruction.apps.apk	/workspace/ella-master/out_no_gpu/_workspace_auto_t400_2_com.gigil.drive.simulation.roadconstruction.apps.apk/	2.596491228	( 296 / 11400 )
_workspace_auto_t400_2_com.oprex.nopol.apk	/workspace/ella-master/out_no_gpu/_workspace_auto_t400_2_com.oprex.nopol.apk/	17.36066395	( 4853 / 27954 )
_workspace_auto_t400_2_us.car.remote.toolmakers.apk	/workspace/ella-master/out_no_gpu/_workspace_auto_t400_2_us.car.remote.toolmakers.apk/	13.43837725	( 2968 / 22086 )
_workspace_auto_t400_3_com.andromo.dev498527.app570067.apk	/workspace/ella-master/out_no_gpu/_workspace_auto_t400_3_com.andromo.dev498527.app570067.apk/	0.005819705523	( 3 / 51549 )
_workspace_auto_t400_5_com.fortunestudios.chingchi.tuktuk.driver.apk	/workspace/ella-master/out_no_gpu/_workspace_auto_t400_5_com.fortunestudios.chingchi.tuktuk.driver.apk/	7.428249859	( 396 / 5331 )
_workspace_dating_100_4_com.asiandate.apk	/workspace/ella-master/out_no_gpu/_workspace_dating_100_4_com.asiandate.apk/	14.16940437	( 3968 / 28004 )
_workspace_dating_100_5_com.antiland.apk	/workspace/ella-master/out_no_gpu/_workspace_dating_100_5_com.antiland.apk/	11.40554634	( 4812 / 42190 )
_workspace_dating_100_9_com.social.onenight.apk	/workspace/ella-master/out_no_gpu/_workspace_dating_100_9_com.social.onenight.apk/	17.74410497	( 6464 / 36429 )
_workspace_edu_enter_event_house_lib_media_11_com.universal.tv.remote.control.all.tv.controller.apk	/workspace/ella-master/out_no_gpu/_workspace_edu_enter_event_house_lib_media_11_com.universal.tv.remote.control.all.tv.controller.apk/	9.686019797	( 3415 / 35257 )
_workspace_edu_enter_event_house_lib_media_14_com.robloc_bedwars_5.robux_assist_roblox_mod.apk	/workspace/ella-master/out_no_gpu/_workspace_edu_enter_event_house_lib_media_14_com.robloc_bedwars_5.robux_assist_roblox_mod.apk/	1.315433009	( 437 / 33221 )
_workspace_edu_enter_event_house_lib_media_22_technomobifab.rgb.remote_for_led_lights.apk	/workspace/ella-master/out_no_gpu/_workspace_edu_enter_event_house_lib_media_22_technomobifab.rgb.remote_for_led_lights.apk/	15.25929806	( 2913 / 19090 )
_workspace_edu_enter_event_house_lib_media_28_com.Lunashapps.aksneveshtefetr.apk	/workspace/ella-master/out_no_gpu/_workspace_edu_enter_event_house_lib_media_28_com.Lunashapps.aksneveshtefetr.apk/	3.346613546	( 42 / 1255 )
_workspace_edu_enter_event_house_lib_media_45_com.bigtexapps.android.pressyourluck.apk	/workspace/ella-master/out_no_gpu/_workspace_edu_enter_event_house_lib_media_45_com.bigtexapps.android.pressyourluck.apk/	61.1328125	( 313 / 512 )
_workspace_edu_enter_event_house_lib_media_6_com.remotecontrol.tvremote.universal.apk	/workspace/ella-master/out_no_gpu/_workspace_edu_enter_event_house_lib_media_6_com.remotecontrol.tvremote.universal.apk/	12.70981473	( 5255 / 41346 )
_workspace_edu_enter_event_house_lib_media_7_com.nzdeveloper.updatlatestesoftwareandroid.apk	/workspace/ella-master/out_no_gpu/_workspace_edu_enter_event_house_lib_media_7_com.nzdeveloper.updatlatestesoftwareandroid.apk/	1.068080529	( 278 / 26028 )
_workspace_lifestyle_13_com.rvappstudios.magnifyingglass.apk	/workspace/ella-master/out_no_gpu/_workspace_lifestyle_13_com.rvappstudios.magnifyingglass.apk/	31.15465628	( 4881 / 15667 )
_workspace_sport_tool_tran_wea_auto1_auto2_14_com.mbta.mobileapp.apk	/workspace/ella-master/out_no_gpu/_workspace_sport_tool_tran_wea_auto1_auto2_14_com.mbta.mobileapp.apk/	1.55613372	( 317 / 20371 )
_workspace_sport_tool_tran_wea_auto1_auto2_14_com.newparkinggames.carparkinggames.gt.apk	/workspace/ella-master/out_no_gpu/_workspace_sport_tool_tran_wea_auto1_auto2_14_com.newparkinggames.carparkinggames.gt.apk/	3.629804153	( 493 / 13582 )
_workspace_sport_tool_tran_wea_auto1_auto2_14_com.tsportsofficial.cricket.apk	/workspace/ella-master/out_no_gpu/_workspace_sport_tool_tran_wea_auto1_auto2_14_com.tsportsofficial.cricket.apk/	1.544707711	( 487 / 31527 )
_workspace_sport_tool_tran_wea_auto1_auto2_20_com.unlimited.unblock.free.accelerator.top.apk	/workspace/ella-master/out_no_gpu/_workspace_sport_tool_tran_wea_auto1_auto2_20_com.unlimited.unblock.free.accelerator.top.apk/	6.756670902	( 2127 / 31480 )
_workspace_sport_tool_tran_wea_auto1_auto2_20_com.weather.forecast.weatherchannel.apk	/workspace/ella-master/out_no_gpu/_workspace_sport_tool_tran_wea_auto1_auto2_20_com.weather.forecast.weatherchannel.apk/	25.20117611	( 6514 / 25848 )
_workspace_sport_tool_tran_wea_auto1_auto2_25_com.com.OppanaGames.Cars.C63.M5.apk	/workspace/ella-master/out_no_gpu/_workspace_sport_tool_tran_wea_auto1_auto2_25_com.com.OppanaGames.Cars.C63.M5.apk/	0.5523989899	( 35 / 6336 )
_workspace_sport_tool_tran_wea_auto1_auto2_25_com.vizorg.obd2_code.apk	/workspace/ella-master/out_no_gpu/_workspace_sport_tool_tran_wea_auto1_auto2_25_com.vizorg.obd2_code.apk/	14.33922685	( 957 / 6674 )
_workspace_sport_tool_tran_wea_auto1_auto2_27_com.adstar.adstarone.apk	/workspace/ella-master/out_no_gpu/_workspace_sport_tool_tran_wea_auto1_auto2_27_com.adstar.adstarone.apk/	0.8570554025	( 28 / 3267 )
_workspace_sport_tool_tran_wea_auto1_auto2_27_com.link.messages.sms.apk	/workspace/ella-master/out_no_gpu/_workspace_sport_tool_tran_wea_auto1_auto2_27_com.link.messages.sms.apk/	0.2838335648	( 94 / 33118 )
_workspace_sport_tool_tran_wea_auto1_auto2_33_com.avto.imtihon.apk	/workspace/ella-master/out_no_gpu/_workspace_sport_tool_tran_wea_auto1_auto2_33_com.avto.imtihon.apk/	11.82593355	( 2011 / 17005 )
_workspace_sport_tool_tran_wea_auto1_auto2_34_ru.starline.apk	/workspace/ella-master/out_no_gpu/_workspace_sport_tool_tran_wea_auto1_auto2_34_ru.starline.apk/	15.41705268	( 4826 / 31303 )
_workspace_sport_tool_tran_wea_auto1_auto2_47_com.suddengames.real.carracing.racinggames.apk	/workspace/ella-master/out_no_gpu/_workspace_sport_tool_tran_wea_auto1_auto2_47_com.suddengames.real.carracing.racinggames.apk/	1.373626374	( 35 / 2548 )
_workspace_sport_tool_tran_wea_auto1_auto2_47_location.changer.fake.gps.spoof.emulator.apk	/workspace/ella-master/out_no_gpu/_workspace_sport_tool_tran_wea_auto1_auto2_47_location.changer.fake.gps.spoof.emulator.apk/	12.88701995	( 3463 / 26872 )
_workspace_sport_tool_tran_wea_auto1_auto2_51_br.com.zuldigital.ftz.apk	/workspace/ella-master/out_no_gpu/_workspace_sport_tool_tran_wea_auto1_auto2_51_br.com.zuldigital.ftz.apk/	16.35602963	( 8679 / 53063 )
_workspace_sport_tool_tran_wea_auto1_auto2_51_com.ProcessGames.TofasDriftSimulator.apk	/workspace/ella-master/out_no_gpu/_workspace_sport_tool_tran_wea_auto1_auto2_51_com.ProcessGames.TofasDriftSimulator.apk/	2.985074627	( 36 / 1206 )
_workspace_sport_tool_tran_wea_auto1_auto2_56_top.mmshow.cetus.apk	/workspace/ella-master/out_no_gpu/_workspace_sport_tool_tran_wea_auto1_auto2_56_top.mmshow.cetus.apk/	0.007860090391	( 4 / 50890 )
_workspace_sport_tool_tran_wea_auto1_auto2_5_com.cs.roversuperspeeddrifter.apk	/workspace/ella-master/out_no_gpu/_workspace_sport_tool_tran_wea_auto1_auto2_5_com.cs.roversuperspeeddrifter.apk/	0.4108688507	( 75 / 18254 )
_workspace_sport_tool_tran_wea_auto1_auto2_5_com.play.android.ecomotori.apk	/workspace/ella-master/out_no_gpu/_workspace_sport_tool_tran_wea_auto1_auto2_5_com.play.android.ecomotori.apk/	7.287449393	( 1296 / 17784 )
_workspace_sport_tool_tran_wea_auto1_auto2_9_com.info.weather.forecast.apk	/workspace/ella-master/out_no_gpu/_workspace_sport_tool_tran_wea_auto1_auto2_9_com.info.weather.forecast.apk/	27.22828913	( 5236 / 19230 )
02360037cabe918a1a679439cc799423d48cfb20db62d54c91b3ad9207d59f84	/workspace/ella-master2/out_no_gpu/02360037cabe918a1a679439cc799423d48cfb20db62d54c91b3ad9207d59f84/	0.01014301653	( 2 / 19718 )
2d330a0f1c454c2c4015006f28ceea72122f19ee07a5f9c9957731b9e31338aa	/workspace/ella-master2/out_no_gpu/2d330a0f1c454c2c4015006f28ceea72122f19ee07a5f9c9957731b9e31338aa/	2.593400341	( 1094 / 42184 )
4a915f5bc7f97e3f41c8625c1f6cbe976eb911d56f4fbe8bd9206cd52cfaca01	/workspace/ella-master2/out_no_gpu/4a915f5bc7f97e3f41c8625c1f6cbe976eb911d56f4fbe8bd9206cd52cfaca01/	12.09139785	( 2249 / 18600 )
589897cdcc7e32428be8c932f8fed7463bdd7070722afc1267f5b7c4d58216d2	/workspace/ella-master2/out_no_gpu/589897cdcc7e32428be8c932f8fed7463bdd7070722afc1267f5b7c4d58216d2/	11.87983212	( 2689 / 22635 )
60e0f89907ecf6eaf3b438f94f4899646f44ed404cfbf796866ac0400e34db65	/workspace/ella-master2/out_no_gpu/60e0f89907ecf6eaf3b438f94f4899646f44ed404cfbf796866ac0400e34db65/	1.310675224	( 435 / 33189 )
670f3853fcd1c148276aef43837b1efb4da9e2dc51baadc88afe7e45e80c0e64	/workspace/ella-master2/out_no_gpu/670f3853fcd1c148276aef43837b1efb4da9e2dc51baadc88afe7e45e80c0e64/	9.36555172	( 3934 / 42005 )
7a3bb49255526a4401f53034d3da2dfef21fd72522f763c2e8a63fd6cd104fd5	/workspace/ella-master2/out_no_gpu/7a3bb49255526a4401f53034d3da2dfef21fd72522f763c2e8a63fd6cd104fd5/	5.043238693	( 659 / 13067 )
7b951a718c8b0bac1d5f6fb8c4e49d708094d6de3bf20586678616f15866691f	/workspace/ella-master2/out_no_gpu/7b951a718c8b0bac1d5f6fb8c4e49d708094d6de3bf20586678616f15866691f/	12.17022253	( 1061 / 8718 )
8274b41e14ccb8867664bc8d82c6c71e2e8944f4c34253d1dbd8f201fe17b61f	/workspace/ella-master2/out_no_gpu/8274b41e14ccb8867664bc8d82c6c71e2e8944f4c34253d1dbd8f201fe17b61f/	8.160455296	( 1778 / 21788 )
ac49445a3f10d21aae9f3a4431c9dbd247eed95182dfa7beea5ef1af41ce2784	/workspace/ella-master2/out_no_gpu/ac49445a3f10d21aae9f3a4431c9dbd247eed95182dfa7beea5ef1af41ce2784/	10.67120859	( 3070 / 28769 )
ba121f170176ae75940895ac6009d7bb89a9d61376e447cdf9d7f53445dd09e1	/workspace/ella-master2/out_no_gpu/ba121f170176ae75940895ac6009d7bb89a9d61376e447cdf9d7f53445dd09e1/	2.958199357	( 690 / 23325 )
c04dea7cae2935fbaf569ded1c32015fd1d783259ae0a02aa95fa266cb0212c3	/workspace/ella-master2/out_no_gpu/c04dea7cae2935fbaf569ded1c32015fd1d783259ae0a02aa95fa266cb0212c3/	2.655661224	( 296 / 11146 )
cf8a25a78489a34c94b6885c7e836d56b4381046226c9686a9fb22ddeeb5a095	/workspace/ella-master2/out_no_gpu/cf8a25a78489a34c94b6885c7e836d56b4381046226c9686a9fb22ddeeb5a095/	10.7904161	( 2531 / 23456 )
dfd1e800bdfa9fff447c75882ac7cefe052372f9e566ed80de18b9c3f9bd1699	/workspace/ella-master2/out_no_gpu/dfd1e800bdfa9fff447c75882ac7cefe052372f9e566ed80de18b9c3f9bd1699/	10.32139932	( 2142 / 20753 )
ef6d6aa7fc9516a0886ee32568644fc739a33d4e01abac91bf3781a7ddf78903	/workspace/ella-master2/out_no_gpu/ef6d6aa7fc9516a0886ee32568644fc739a33d4e01abac91bf3781a7ddf78903/	3.266690468	( 732 / 22408 )
f5e50205c2fb447e262c6884d6388dddbd9988659ce578c74b291662d4b45d1a	/workspace/ella-master2/out_no_gpu/f5e50205c2fb447e262c6884d6388dddbd9988659ce578c74b291662d4b45d1a/	1.803989592	( 416 / 23060 )
fb6354e417e6af95bfc69aab7bf3f1cdccd8dc443c3c0ca3101ab2709a6b1ddf	/workspace/ella-master2/out_no_gpu/fb6354e417e6af95bfc69aab7bf3f1cdccd8dc443c3c0ca3101ab2709a6b1ddf/	6.67584614	( 1503 / 22514 )
_workspace_auto_100_2_altergames.carlauncher.apk	/workspace/ella-master2/out_no_gpu/_workspace_auto_100_2_altergames.carlauncher.apk/	17.52033843	( 2692 / 15365 )
_workspace_auto_100_2_com.keyconnect.carremote.apk	/workspace/ella-master2/out_no_gpu/_workspace_auto_100_2_com.keyconnect.carremote.apk/	6.295015163	( 2657 / 42208 )
_workspace_auto_100_4_net.wavis.laserappraiser.apk	/workspace/ella-master2/out_no_gpu/_workspace_auto_100_4_net.wavis.laserappraiser.apk/	25.30025206	( 5119 / 20233 )
_workspace_auto_100_8_com.autolauncher.motorcar.free.apk	/workspace/ella-master2/out_no_gpu/_workspace_auto_100_8_com.autolauncher.motorcar.free.apk/	6.751273681	( 2213 / 32779 )
_workspace_auto_100_8_com.take5carwash.Take5CarWash.apk	/workspace/ella-master2/out_no_gpu/_workspace_auto_100_8_com.take5carwash.Take5CarWash.apk/	1.794356106	( 571 / 31822 )
_workspace_auto_100_8_com.zhystudio.DevanHafezSheraziFarsi.apk	/workspace/ella-master2/out_no_gpu/_workspace_auto_100_8_com.zhystudio.DevanHafezSheraziFarsi.apk/	18.90351472	( 2786 / 14738 )
_workspace_auto_t300_10_ru.alexko.regionalcodes.apk	/workspace/ella-master2/out_no_gpu/_workspace_auto_t300_10_ru.alexko.regionalcodes.apk/	58.26086957	( 67 / 115 )
_workspace_auto_t300_1_com.ag.gas.station.ovilex.mck.busroads.game.apk	/workspace/ella-master2/out_no_gpu/_workspace_auto_t300_1_com.ag.gas.station.ovilex.mck.busroads.game.apk/	2.540118424	( 296 / 11653 )
_workspace_auto_t300_7_com.gamex.newyorktaxi2018.apk	/workspace/ella-master2/out_no_gpu/_workspace_auto_t300_7_com.gamex.newyorktaxi2018.apk/	2.221526909	( 71 / 3196 )
_workspace_auto_t300_7_org.drivingprep.cdl.apk	/workspace/ella-master2/out_no_gpu/_workspace_auto_t300_7_org.drivingprep.cdl.apk/	4.616715321	( 1281 / 27747 )
_workspace_auto_t300_7_ru.reactivephone.Visitors.apk	/workspace/ella-master2/out_no_gpu/_workspace_auto_t300_7_ru.reactivephone.Visitors.apk/	23.32080789	( 1986 / 8516 )
_workspace_auto_t300_7_ru.uec.strelka.apk	/workspace/ella-master2/out_no_gpu/_workspace_auto_t300_7_ru.uec.strelka.apk/	5.276667813	( 1994 / 37789 )
_workspace_auto_t300_9_com.freetrailer.apk	/workspace/ella-master2/out_no_gpu/_workspace_auto_t300_9_com.freetrailer.apk/	5.720118915	( 1597 / 27919 )
_workspace_auto_t300_9_kb2.soft.carexpenses.apk	/workspace/ella-master2/out_no_gpu/_workspace_auto_t300_9_kb2.soft.carexpenses.apk/	9.390295218	( 4240 / 45153 )
_workspace_beauty_100_3_com.studio360apps.mirror.apk	/workspace/ella-master2/out_no_gpu/_workspace_beauty_100_3_com.studio360apps.mirror.apk/	27.42076913	( 6567 / 23949 )
_workspace_beauty_100_3_shorthair.women.hairstyles.ideas.apk	/workspace/ella-master2/out_no_gpu/_workspace_beauty_100_3_shorthair.women.hairstyles.ideas.apk/	27.68609151	( 4865 / 17572 )
_workspace_beauty_100_5_com.Filterfor.Selfie.apk	/workspace/ella-master2/out_no_gpu/_workspace_beauty_100_5_com.Filterfor.Selfie.apk/	2.101755735	( 492 / 23409 )
_workspace_beauty_100_6_hairstyle.colorChanger.haircut_salon.apk	/workspace/ella-master2/out_no_gpu/_workspace_beauty_100_6_hairstyle.colorChanger.haircut_salon.apk/	5.064556435	( 608 / 12005 )
_workspace_beauty_100_9_com.studio.aone.girlshairstyle.hairstylestepbystep.apk	/workspace/ella-master2/out_no_gpu/_workspace_beauty_100_9_com.studio.aone.girlshairstyle.hairstylestepbystep.apk/	24.46633826	( 3576 / 14616 )
_workspace_business_100_9_com.rabbl.blinq.apk	/workspace/ella-master2/out_no_gpu/_workspace_business_100_9_com.rabbl.blinq.apk/	0.008745463291	( 4 / 45738 )
_workspace_communication_100_7_com.tonewdigital.myapplication.apk	/workspace/ella-master2/out_no_gpu/_workspace_communication_100_7_com.tonewdigital.myapplication.apk/	4.848484848	( 16 / 330 )
_workspace_communication_100_7_farsi.tel.messenger.apk	/workspace/ella-master2/out_no_gpu/_workspace_communication_100_7_farsi.tel.messenger.apk/	7.851210336	( 2212 / 28174 )
_workspace_edu_enter_event_house_lib_media_10_io.kodular.dhaneswarojha434.TwentyTwentycalnder.apk	/workspace/ella-master2/out_no_gpu/_workspace_edu_enter_event_house_lib_media_10_io.kodular.dhaneswarojha434.TwentyTwentycalnder.apk/	2.962864368	( 1113 / 37565 )
_workspace_edu_enter_event_house_lib_media_17_com.bettertomorrowapps.microphoneblockfree.apk	/workspace/ella-master2/out_no_gpu/_workspace_edu_enter_event_house_lib_media_17_com.bettertomorrowapps.microphoneblockfree.apk/	33.05439331	( 632 / 1912 )
_workspace_edu_enter_event_house_lib_media_17_com.S7Studio.Solfeggio.Meditation.Aura.Chakra.apk	/workspace/ella-master2/out_no_gpu/_workspace_edu_enter_event_house_lib_media_17_com.S7Studio.Solfeggio.Meditation.Aura.Chakra.apk/	8.504227816	( 875 / 10289 )
_workspace_edu_enter_event_house_lib_media_21_com.borombo.gamelix.apk	/workspace/ella-master2/out_no_gpu/_workspace_edu_enter_event_house_lib_media_21_com.borombo.gamelix.apk/	5.612903226	( 1131 / 20150 )
_workspace_edu_enter_event_house_lib_media_26_air.com.starfall.more.apk	/workspace/ella-master2/out_no_gpu/_workspace_edu_enter_event_house_lib_media_26_air.com.starfall.more.apk/	3.621908127	( 205 / 5660 )
_workspace_edu_enter_event_house_lib_media_26_codematics.roku.smart.rokutvremote.tvremote.apk	/workspace/ella-master2/out_no_gpu/_workspace_edu_enter_event_house_lib_media_26_codematics.roku.smart.rokutvremote.tvremote.apk/	11.57543954	( 3022 / 26107 )
_workspace_edu_enter_event_house_lib_media_28_info.martinmarinov.dvbdriver.apk	/workspace/ella-master2/out_no_gpu/_workspace_edu_enter_event_house_lib_media_28_info.martinmarinov.dvbdriver.apk/	2.106813824	( 901 / 42766 )
_workspace_edu_enter_event_house_lib_media_44_codematics.vizio.remote.control.smartcast.apk	/workspace/ella-master2/out_no_gpu/_workspace_edu_enter_event_house_lib_media_44_codematics.vizio.remote.control.smartcast.apk/	15.41620694	( 5030 / 32628 )
_workspace_edu_enter_event_house_lib_media_44_com.zhystudio.MirzaGhalibPoetryUrdu.apk	/workspace/ella-master2/out_no_gpu/_workspace_edu_enter_event_house_lib_media_44_com.zhystudio.MirzaGhalibPoetryUrdu.apk/	19.06635907	( 2810 / 14738 )
_workspace_edu_enter_event_house_lib_media_44_study.bible.with.explanation.offline.apk	/workspace/ella-master2/out_no_gpu/_workspace_edu_enter_event_house_lib_media_44_study.bible.with.explanation.offline.apk/	24.7685294	( 5270 / 21277 )
_workspace_edu_enter_event_house_lib_media_8_com.frdeveloper.help.update.playstore.playservices.apk	/workspace/ella-master2/out_no_gpu/_workspace_edu_enter_event_house_lib_media_8_com.frdeveloper.help.update.playstore.playservices.apk/	3.210571727	( 707 / 22021 )
_workspace_medical_100_3_com.aadhk.lite.bptracker.apk	/workspace/ella-master2/out_no_gpu/_workspace_medical_100_3_com.aadhk.lite.bptracker.apk/	20.22357943	( 9371 / 46337 )
_workspace_medical_100_3_com.shire.biolife.apk	/workspace/ella-master2/out_no_gpu/_workspace_medical_100_3_com.shire.biolife.apk/	12.14844101	( 1352 / 11129 )
_workspace_musi_new_parent_prod_shop_soci_57_com.ksl.android.apk	/workspace/ella-master2/out_no_gpu/_workspace_musi_new_parent_prod_shop_soci_57_com.ksl.android.apk/	0.01120856334	( 4 / 35687 )
_workspace_sport_tool_tran_wea_auto1_auto2_16_futbolenvivo.play.apk	/workspace/ella-master2/out_no_gpu/_workspace_sport_tool_tran_wea_auto1_auto2_16_futbolenvivo.play.apk/	2.638409281	( 1169 / 44307 )
_workspace_sport_tool_tran_wea_auto1_auto2_17_en.vivoplay4.apk	/workspace/ella-master2/out_no_gpu/_workspace_sport_tool_tran_wea_auto1_auto2_17_en.vivoplay4.apk/	2.55402288	( 1085 / 42482 )
_workspace_sport_tool_tran_wea_auto1_auto2_42_com.gydala.allcars.apk	/workspace/ella-master2/out_no_gpu/_workspace_sport_tool_tran_wea_auto1_auto2_42_com.gydala.allcars.apk/	3.060623896	( 1300 / 42475 )
_workspace_sport_tool_tran_wea_auto1_auto2_42_com.hatla2ee.hatla2ee_egypt.apk	/workspace/ella-master2/out_no_gpu/_workspace_sport_tool_tran_wea_auto1_auto2_42_com.hatla2ee.hatla2ee_egypt.apk/	4.350964876	( 1567 / 36015 )
_workspace_sport_tool_tran_wea_auto1_auto2_42_com.mitula.cars.apk	/workspace/ella-master2/out_no_gpu/_workspace_sport_tool_tran_wea_auto1_auto2_42_com.mitula.cars.apk/	8.383765029	( 2078 / 24786 )
_workspace_sport_tool_tran_wea_auto1_auto2_45_com.chanel.weather.forecast.accu.apk	/workspace/ella-master2/out_no_gpu/_workspace_sport_tool_tran_wea_auto1_auto2_45_com.chanel.weather.forecast.accu.apk/	27.5835133	( 6003 / 21763 )
_workspace_sport_tool_tran_wea_auto1_auto2_45_com.thegameobject.cattle.farming.milk.transport.apk	/workspace/ella-master2/out_no_gpu/_workspace_sport_tool_tran_wea_auto1_auto2_45_com.thegameobject.cattle.farming.milk.transport.apk/	2.104327208	( 71 / 3374 )
_workspace_sport_tool_tran_wea_auto1_auto2_9_com.tradetu.trendingapps.vehicleregistrationdetails.apk	/workspace/ella-master2/out_no_gpu/_workspace_sport_tool_tran_wea_auto1_auto2_9_com.tradetu.trendingapps.vehicleregistrationdetails.apk/	9.740789877	( 3818 / 39196 )
2188b21cfe1dd79da76fa692374c3647558fbf7fcbc27e782f1cd7450d2a05a9	/workspace/ella-master3/out_no_gpu/2188b21cfe1dd79da76fa692374c3647558fbf7fcbc27e782f1cd7450d2a05a9/	21.48058697	( 5870 / 27327 )
513b90c692ef0274c4e1bee4f3eadbf51c3c960880a252c61ddf007bf9b82ca8	/workspace/ella-master3/out_no_gpu/513b90c692ef0274c4e1bee4f3eadbf51c3c960880a252c61ddf007bf9b82ca8/	9.215795733	( 3797 / 41201 )
55138a957f8ccb470432d63557da31214dbe752de4623809dc53bdf90768de78	/workspace/ella-master3/out_no_gpu/55138a957f8ccb470432d63557da31214dbe752de4623809dc53bdf90768de78/	7.355575459	( 657 / 8932 )
5e407255a6e707ba04f5dd3f9be87f6443dd8d89da2122fcd7294e532adf3898	/workspace/ella-master3/out_no_gpu/5e407255a6e707ba04f5dd3f9be87f6443dd8d89da2122fcd7294e532adf3898/	5.957005957	( 460 / 7722 )
638e1a5aea290eb1fb956ff2ceadf50ead6647f50a4849a0769cc9b9782dd09f	/workspace/ella-master3/out_no_gpu/638e1a5aea290eb1fb956ff2ceadf50ead6647f50a4849a0769cc9b9782dd09f/	10.88703991	( 2316 / 21273 )
6af046ae878493c289049bfcc745a6a9c4609938dde000839bcaf7298cb8dde1	/workspace/ella-master3/out_no_gpu/6af046ae878493c289049bfcc745a6a9c4609938dde000839bcaf7298cb8dde1/	36.36363636	( 8 / 22 )
71bdf5d6af1e6ce9897f4a19cd8ca296dc9b29348e9dfa11e227d17676d2d0d6	/workspace/ella-master3/out_no_gpu/71bdf5d6af1e6ce9897f4a19cd8ca296dc9b29348e9dfa11e227d17676d2d0d6/	21.76344086	( 4048 / 18600 )
83ddb4b16fc7b6522bfa3430a2726c96fe04545ad54028e64210c8d4932b6734	/workspace/ella-master3/out_no_gpu/83ddb4b16fc7b6522bfa3430a2726c96fe04545ad54028e64210c8d4932b6734/	31.22993055	( 4182 / 13391 )
b08170d9c40ea560e11f76352b614faf4557914d6203ef3f362d95d9a07a6238	/workspace/ella-master3/out_no_gpu/b08170d9c40ea560e11f76352b614faf4557914d6203ef3f362d95d9a07a6238/	31.23083662	( 1426 / 4566 )
b10cccda689baf0856f905622b9a1158096249ed3d2062d68e18383da85de312	/workspace/ella-master3/out_no_gpu/b10cccda689baf0856f905622b9a1158096249ed3d2062d68e18383da85de312/	8.953691344	( 2616 / 29217 )
db18d1f87dedf9d5a4c74b351860d078fe2b296e7134e98d0ad665c33373c370	/workspace/ella-master3/out_no_gpu/db18d1f87dedf9d5a4c74b351860d078fe2b296e7134e98d0ad665c33373c370/	18.82237808	( 3462 / 18393 )
f326082198f2f95b923684a7f8b846be0a1fb22a15c74a4a523bdb083c225c79	/workspace/ella-master3/out_no_gpu/f326082198f2f95b923684a7f8b846be0a1fb22a15c74a4a523bdb083c225c79/	0.2461033634	( 3 / 1219 )
_workspace_auto_t300_10_com.autocodes.autocodes.apk	/workspace/ella-master3/out_no_gpu/_workspace_auto_t300_10_com.autocodes.autocodes.apk/	0.9708737864	( 3 / 309 )
_workspace_auto_t300_10_com.vseazs.fuelcalc.apk	/workspace/ella-master3/out_no_gpu/_workspace_auto_t300_10_com.vseazs.fuelcalc.apk/	3.523291558	( 149 / 4229 )
_workspace_auto_t300_3_priusfan.info.bthsd10.apk	/workspace/ella-master3/out_no_gpu/_workspace_auto_t300_3_priusfan.info.bthsd10.apk/	2.0909514	( 629 / 30082 )
_workspace_auto_t300_4_com.pnn.obdcardoctor.apk	/workspace/ella-master3/out_no_gpu/_workspace_auto_t300_4_com.pnn.obdcardoctor.apk/	13.20990312	( 3068 / 23225 )
_workspace_auto_t300_4_jp.nagoya_studio.shakocho.apk	/workspace/ella-master3/out_no_gpu/_workspace_auto_t300_4_jp.nagoya_studio.shakocho.apk/	6.812652068	( 224 / 3288 )
_workspace_auto_t300_8_com.androidlab.videoroad.apk	/workspace/ella-master3/out_no_gpu/_workspace_auto_t300_8_com.androidlab.videoroad.apk/	13.15634218	( 223 / 1695 )
_workspace_auto_t300_8_com.levinew.app.apk	/workspace/ella-master3/out_no_gpu/_workspace_auto_t300_8_com.levinew.app.apk/	3.056420656	( 422 / 13807 )
_workspace_auto_t300_8_com.zonewalker.acar.apk	/workspace/ella-master3/out_no_gpu/_workspace_auto_t300_8_com.zonewalker.acar.apk/	1.518874246	( 408 / 26862 )
_workspace_auto_t300_8_mx.gob.cns.consultaciudadana.apk	/workspace/ella-master3/out_no_gpu/_workspace_auto_t300_8_mx.gob.cns.consultaciudadana.apk/	8.784610252	( 790 / 8993 )
_workspace_auto_t300_8_ua.rst.android.apk	/workspace/ella-master3/out_no_gpu/_workspace_auto_t300_8_ua.rst.android.apk/	7.075998283	( 824 / 11645 )
_workspace_beauty_100_10_com.gamegos.mobile.cafeland.apk	/workspace/ella-master3/out_no_gpu/_workspace_beauty_100_10_com.gamegos.mobile.cafeland.apk/	3.669491525	( 866 / 23600 )
_workspace_beauty_100_10_photo.smile.red.eyes.changer.color.apk	/workspace/ella-master3/out_no_gpu/_workspace_beauty_100_10_photo.smile.red.eyes.changer.color.apk/	16.20239088	( 2914 / 17985 )
_workspace_beauty_100_1_best.beard.photo.editor.apk	/workspace/ella-master3/out_no_gpu/_workspace_beauty_100_1_best.beard.photo.editor.apk/	3.880834794	( 1218 / 31385 )
_workspace_beauty_100_2_com.chamsDohaLtd.Tools.Zakhrafa.apk	/workspace/ella-master3/out_no_gpu/_workspace_beauty_100_2_com.chamsDohaLtd.Tools.Zakhrafa.apk/	0.1414481229	( 37 / 26158 )
_workspace_beauty_100_2_nueve.play.apk	/workspace/ella-master3/out_no_gpu/_workspace_beauty_100_2_nueve.play.apk/	2.577209798	( 1089 / 42255 )
_workspace_beauty_100_7_beauty.picshop.filters.selfie.apk	/workspace/ella-master3/out_no_gpu/_workspace_beauty_100_7_beauty.picshop.filters.selfie.apk/	3.095215402	( 1299 / 41968 )
_workspace_beauty_100_7_best.photo.app.mermaid.apk	/workspace/ella-master3/out_no_gpu/_workspace_beauty_100_7_best.photo.app.mermaid.apk/	11.69847227	( 2213 / 18917 )
_workspace_beauty_100_7_com.andromo.dev759880.app845507.apk	/workspace/ella-master3/out_no_gpu/_workspace_beauty_100_7_com.andromo.dev759880.app845507.apk/	2.084967019	( 904 / 43358 )
_workspace_beauty_100_8_beauty.picshop.sweet.live.filter.cat.face.camera.apk	/workspace/ella-master3/out_no_gpu/_workspace_beauty_100_8_beauty.picshop.sweet.live.filter.cat.face.camera.apk/	5.800585533	( 2437 / 42013 )
_workspace_beauty_100_8_sweet.beauty.cam.toanhmsg.apk	/workspace/ella-master3/out_no_gpu/_workspace_beauty_100_8_sweet.beauty.cam.toanhmsg.apk/	5.161179698	( 2107 / 40824 )
_workspace_books_reference_100_5_org.readera.apk	/workspace/ella-master3/out_no_gpu/_workspace_books_reference_100_5_org.readera.apk/	23.92561245	( 8028 / 33554 )
_workspace_business_100_1_com.google.android.apps.adwords.apk	/workspace/ella-master3/out_no_gpu/_workspace_business_100_1_com.google.android.apps.adwords.apk/	11.77942839	( 2918 / 24772 )
_workspace_business_100_1_org.intoorbit.spectrum.apk	/workspace/ella-master3/out_no_gpu/_workspace_business_100_1_org.intoorbit.spectrum.apk/	75.75757576	( 375 / 495 )
_workspace_edu_enter_event_house_lib_media_36_com.photoslab.eidmubarakphotoframe.apk	/workspace/ella-master3/out_no_gpu/_workspace_edu_enter_event_house_lib_media_36_com.photoslab.eidmubarakphotoframe.apk/	0.003032600455	( 1 / 32975 )
_workspace_edu_enter_event_house_lib_media_36_com.roku.tv.remote.control.apk	/workspace/ella-master3/out_no_gpu/_workspace_edu_enter_event_house_lib_media_36_com.roku.tv.remote.control.apk/	20.44584245	( 10465 / 51184 )
_workspace_edu_enter_event_house_lib_media_38_forqan.tech.babypuzzles_edu.ads.apk	/workspace/ella-master3/out_no_gpu/_workspace_edu_enter_event_house_lib_media_38_forqan.tech.babypuzzles_edu.ads.apk/	7.312226785	( 1656 / 22647 )
_workspace_edu_enter_event_house_lib_media_43_com.Endoscope.scope.apk	/workspace/ella-master3/out_no_gpu/_workspace_edu_enter_event_house_lib_media_43_com.Endoscope.scope.apk/	15.31939653	( 3686 / 24061 )
_workspace_edu_enter_event_house_lib_media_43_com.momine_rainbow_friends.craft_world_mod.apk	/workspace/ella-master3/out_no_gpu/_workspace_edu_enter_event_house_lib_media_43_com.momine_rainbow_friends.craft_world_mod.apk/	1.321413521	( 439 / 33222 )
_workspace_lifestyle_13_com.rvappstudios.magnifyingglass.apk	/workspace/ella-master3/out_no_gpu/_workspace_lifestyle_13_com.rvappstudios.magnifyingglass.apk/	27.95685198	( 4380 / 15667 )
_workspace_lifestyle_14_com.happyverse.diarywithlock.apk	/workspace/ella-master3/out_no_gpu/_workspace_lifestyle_14_com.happyverse.diarywithlock.apk/	1.649011007	( 797 / 48332 )
_workspace_lifestyle_14_ru.cherrydesign.ringsizer.apk	/workspace/ella-master3/out_no_gpu/_workspace_lifestyle_14_ru.cherrydesign.ringsizer.apk/	42.5443787	( 719 / 1690 )
_workspace_lifestyle_16_com.surveysampling.mobile.quickthoughts.apk	/workspace/ella-master3/out_no_gpu/_workspace_lifestyle_16_com.surveysampling.mobile.quickthoughts.apk/	9.377978107	( 3641 / 38825 )
_workspace_lifestyle_18_com.familylocator.life360.locationtracker.findmykids.apk	/workspace/ella-master3/out_no_gpu/_workspace_lifestyle_18_com.familylocator.life360.locationtracker.findmykids.apk/	7.926881171	( 3725 / 46992 )
_workspace_lifestyle_18_com.nintendo.znma.apk	/workspace/ella-master3/out_no_gpu/_workspace_lifestyle_18_com.nintendo.znma.apk/	20.15422821	( 6168 / 30604 )
_workspace_lifestyle_20_com.adpog.diary.apk	/workspace/ella-master3/out_no_gpu/_workspace_lifestyle_20_com.adpog.diary.apk/	12.28315491	( 2811 / 22885 )
_workspace_lifestyle_7_com.appxstudio.blenderdoubleexposure.apk	/workspace/ella-master3/out_no_gpu/_workspace_lifestyle_7_com.appxstudio.blenderdoubleexposure.apk/	21.60007777	( 4444 / 20574 )
_workspace_musi_new_parent_prod_shop_soci_45_com.media.bestrecorder.audiorecorder.apk	/workspace/ella-master3/out_no_gpu/_workspace_musi_new_parent_prod_shop_soci_45_com.media.bestrecorder.audiorecorder.apk/	19.45511414	( 7091 / 36448 )
_workspace_musi_new_parent_prod_shop_soci_6_com.messenger.allprivate.apk	/workspace/ella-master3/out_no_gpu/_workspace_musi_new_parent_prod_shop_soci_6_com.messenger.allprivate.apk/	0.1044470333	( 26 / 24893 )
_workspace_sport_tool_tran_wea_auto1_auto2_19_com.milejko.dragracer.apk	/workspace/ella-master3/out_no_gpu/_workspace_sport_tool_tran_wea_auto1_auto2_19_com.milejko.dragracer.apk/	0.3821448898	( 47 / 12299 )
_workspace_sport_tool_tran_wea_auto1_auto2_19_eu.nissan.nissanconnect.services.apk	/workspace/ella-master3/out_no_gpu/_workspace_sport_tool_tran_wea_auto1_auto2_19_eu.nissan.nissanconnect.services.apk/	8.751384182	( 2608 / 29801 )
_workspace_sport_tool_tran_wea_auto1_auto2_21_com.vehicleverification.apk	/workspace/ella-master3/out_no_gpu/_workspace_sport_tool_tran_wea_auto1_auto2_21_com.vehicleverification.apk/	3.867499133	( 446 / 11532 )
_workspace_sport_tool_tran_wea_auto1_auto2_26_air.com.readysquare.carssounds.apk	/workspace/ella-master3/out_no_gpu/_workspace_sport_tool_tran_wea_auto1_auto2_26_air.com.readysquare.carssounds.apk/	2.271626856	( 563 / 24784 )
_workspace_sport_tool_tran_wea_auto1_auto2_26_motorcycle.catalog.apk	/workspace/ella-master3/out_no_gpu/_workspace_sport_tool_tran_wea_auto1_auto2_26_motorcycle.catalog.apk/	0.002839134632	( 1 / 35222 )
_workspace_sport_tool_tran_wea_auto1_auto2_43_com.graph.weather.forecast.channel.apk	/workspace/ella-master3/out_no_gpu/_workspace_sport_tool_tran_wea_auto1_auto2_43_com.graph.weather.forecast.channel.apk/	29.43620697	( 6730 / 22863 )
_workspace_sport_tool_tran_wea_auto1_auto2_44_ru.alarmtrade.pandora.apk	/workspace/ella-master3/out_no_gpu/_workspace_sport_tool_tran_wea_auto1_auto2_44_ru.alarmtrade.pandora.apk/	2.725947522	( 1309 / 48020 )
_workspace_sport_tool_tran_wea_auto1_auto2_8_br.org.fipe.app.apk	/workspace/ella-master3/out_no_gpu/_workspace_sport_tool_tran_wea_auto1_auto2_8_br.org.fipe.app.apk/	7.714766985	( 687 / 8905 )
39c11894e36e31e672f19e6a02c6d415f4ad94af1a5abba54e776bb5bdfbc25f	/workspace/ella-master4/out_no_gpu/39c11894e36e31e672f19e6a02c6d415f4ad94af1a5abba54e776bb5bdfbc25f/	31.35362534	( 8869 / 28287 )
45faac152e0173c8807f60451c7492f38ebb53b47318f5a12968d67a1aab83ee	/workspace/ella-master4/out_no_gpu/45faac152e0173c8807f60451c7492f38ebb53b47318f5a12968d67a1aab83ee/	9.78318041	( 1674 / 17111 )
6dff2ec274144fe32760509719de06a3d607a7f4b6d664fcb6edae13eda675be	/workspace/ella-master4/out_no_gpu/6dff2ec274144fe32760509719de06a3d607a7f4b6d664fcb6edae13eda675be/	9.188451034	( 1413 / 15378 )
77d1a1011221570e98c4fb9d3212a75cb3630551cc5a164c8cdd26fcfd201516	/workspace/ella-master4/out_no_gpu/77d1a1011221570e98c4fb9d3212a75cb3630551cc5a164c8cdd26fcfd201516/	11.60434703	( 2520 / 21716 )
8145ef17eef78827404cf7aafbd1d14db515260515b8732340567b707785b893	/workspace/ella-master4/out_no_gpu/8145ef17eef78827404cf7aafbd1d14db515260515b8732340567b707785b893/	21.20099705	( 4678 / 22065 )
a05f3bca8c576abcf0a24f375eee22231220a149f1831e863e3afdd17b4b9311	/workspace/ella-master4/out_no_gpu/a05f3bca8c576abcf0a24f375eee22231220a149f1831e863e3afdd17b4b9311/	11.36983273	( 3086 / 27142 )
a9789820551f8f844dbcdce04bca84282028b5db145a3d00fba5beee6ac5d79e	/workspace/ella-master4/out_no_gpu/a9789820551f8f844dbcdce04bca84282028b5db145a3d00fba5beee6ac5d79e/	12.23898725	( 2620 / 21407 )
f464e5875711d616c2ee1aa315e60ce9620537cc79e7e8486c78e1f5ba78327c	/workspace/ella-master4/out_no_gpu/f464e5875711d616c2ee1aa315e60ce9620537cc79e7e8486c78e1f5ba78327c/	7.868930878	( 329 / 4181 )
_workspace_auto_t300_2_com.vtaxi.app.apk	/workspace/ella-master4/out_no_gpu/_workspace_auto_t300_2_com.vtaxi.app.apk/	4.513399154	( 2368 / 52466 )
_workspace_auto_t300_5_com.OppanaGames.Lambo.GTR.P911.apk	/workspace/ella-master4/out_no_gpu/_workspace_auto_t300_5_com.OppanaGames.Lambo.GTR.P911.apk/	0.5126849894	( 97 / 18920 )
_workspace_auto_t400_11_com.netcarshow.android.app.apk	/workspace/ella-master4/out_no_gpu/_workspace_auto_t400_11_com.netcarshow.android.app.apk/	16.23636167	( 1503 / 9257 )
_workspace_auto_t400_11_com.ProcessGames.HuracanDriftSimulator.apk	/workspace/ella-master4/out_no_gpu/_workspace_auto_t400_11_com.ProcessGames.HuracanDriftSimulator.apk/	2.985074627	( 36 / 1206 )
_workspace_auto_t400_11_it.talimac.veicolo.apk	/workspace/ella-master4/out_no_gpu/_workspace_auto_t400_11_it.talimac.veicolo.apk/	6.845142674	( 854 / 12476 )
_workspace_auto_t400_6_ru.biletpdd.apk	/workspace/ella-master4/out_no_gpu/_workspace_auto_t400_6_ru.biletpdd.apk/	3.428869203	( 987 / 28785 )
_workspace_auto_t400_7_com.pluton.road.train.trailer.truck.driver.apk	/workspace/ella-master4/out_no_gpu/_workspace_auto_t400_7_com.pluton.road.train.trailer.truck.driver.apk/	0.2903473211	( 53 / 18254 )
_workspace_auto_t400_9_com.ticker.real.cruise.ship.driving.simulator.apk	/workspace/ella-master4/out_no_gpu/_workspace_auto_t400_9_com.ticker.real.cruise.ship.driving.simulator.apk/	3.132088641	( 359 / 11462 )
_workspace_auto_t400_9_com.zmgc.airplane.bike.transporter.plan.apk	/workspace/ella-master4/out_no_gpu/_workspace_auto_t400_9_com.zmgc.airplane.bike.transporter.plan.apk/	9.325681492	( 65 / 697 )
_workspace_books_reference_100_10_com.appriss.vinemobile.apk	/workspace/ella-master4/out_no_gpu/_workspace_books_reference_100_10_com.appriss.vinemobile.apk/	26.98096503	( 2438 / 9036 )
_workspace_books_reference_100_1_com.audiobooks.androidapp.apk	/workspace/ella-master4/out_no_gpu/_workspace_books_reference_100_1_com.audiobooks.androidapp.apk/	0.1500578092	( 61 / 40651 )
_workspace_edu_enter_event_house_lib_media_41_com.tonewdigital.myapplication.apk	/workspace/ella-master4/out_no_gpu/_workspace_edu_enter_event_house_lib_media_41_com.tonewdigital.myapplication.apk/	3.939393939	( 13 / 330 )
_workspace_edu_enter_event_house_lib_media_48_codematics.universal.tv.remote.control.apk	/workspace/ella-master4/out_no_gpu/_workspace_edu_enter_event_house_lib_media_48_codematics.universal.tv.remote.control.apk/	0.003017410458	( 1 / 33141 )
_workspace_food_drink_10_com.supercook.app.apk	/workspace/ella-master4/out_no_gpu/_workspace_food_drink_10_com.supercook.app.apk/	32.49475891	( 310 / 954 )
_workspace_food_drink_14_com.cool.volume.sound.booster.apk	/workspace/ella-master4/out_no_gpu/_workspace_food_drink_14_com.cool.volume.sound.booster.apk/	6.822979706	( 2424 / 35527 )
_workspace_health_fitness_14_bot.touchkin.apk	/workspace/ella-master4/out_no_gpu/_workspace_health_fitness_14_bot.touchkin.apk/	3.319520764	( 1474 / 44404 )
_workspace_lifestyle_2_com.bjoernbartels.mylove.apk	/workspace/ella-master4/out_no_gpu/_workspace_lifestyle_2_com.bjoernbartels.mylove.apk/	8.547370972	( 1411 / 16508 )
_workspace_musi_new_parent_prod_shop_soci_37_umito.android.minipiano.apk	/workspace/ella-master4/out_no_gpu/_workspace_musi_new_parent_prod_shop_soci_37_umito.android.minipiano.apk/	16.14135626	( 2873 / 17799 )
_workspace_musi_new_parent_prod_shop_soci_48_media.audioplayer.musicplayer.apk	/workspace/ella-master4/out_no_gpu/_workspace_musi_new_parent_prod_shop_soci_48_media.audioplayer.musicplayer.apk/	1.612210828	( 338 / 20965 )
_workspace_musi_new_parent_prod_shop_soci_54_com.realdream.kidspolice_sp.apk	/workspace/ella-master4/out_no_gpu/_workspace_musi_new_parent_prod_shop_soci_54_com.realdream.kidspolice_sp.apk/	9.615949479	( 2619 / 27236 )
_workspace_musi_new_parent_prod_shop_soci_55_com.realdream.kidspolice.apk	/workspace/ella-master4/out_no_gpu/_workspace_musi_new_parent_prod_shop_soci_55_com.realdream.kidspolice.apk/	9.399324424	( 2560 / 27236 )
_workspace_sport_tool_tran_wea_auto1_auto2_30_mrigapps.andriod.fuelcons.apk	/workspace/ella-master4/out_no_gpu/_workspace_sport_tool_tran_wea_auto1_auto2_30_mrigapps.andriod.fuelcons.apk/	2.695728933	( 1191 / 44181 )
_workspace_sport_tool_tran_wea_auto1_auto2_31_com.valander.turkeyhuntingcall.apk	/workspace/ella-master4/out_no_gpu/_workspace_sport_tool_tran_wea_auto1_auto2_31_com.valander.turkeyhuntingcall.apk/	9.585069759	( 1058 / 11038 )
_workspace_sport_tool_tran_wea_auto1_auto2_36_asav.roomtemprature.apk	/workspace/ella-master4/out_no_gpu/_workspace_sport_tool_tran_wea_auto1_auto2_36_asav.roomtemprature.apk/	8.966953887	( 1894 / 21122 )
_workspace_sport_tool_tran_wea_auto1_auto2_36_com.gamma.scan.apk	/workspace/ella-master4/out_no_gpu/_workspace_sport_tool_tran_wea_auto1_auto2_36_com.gamma.scan.apk/	14.67705929	( 3879 / 26429 )
_workspace_sport_tool_tran_wea_auto1_auto2_36_com.trentapps.cel.apk	/workspace/ella-master4/out_no_gpu/_workspace_sport_tool_tran_wea_auto1_auto2_36_com.trentapps.cel.apk/	17.44224975	( 521 / 2987 )
_workspace_sport_tool_tran_wea_auto1_auto2_37_com.probadosoft.moonphasecalendar.apk	/workspace/ella-master4/out_no_gpu/_workspace_sport_tool_tran_wea_auto1_auto2_37_com.probadosoft.moonphasecalendar.apk/	21.98756432	( 4102 / 18656 )
_workspace_sport_tool_tran_wea_auto1_auto2_37_labs.onyx.vehicleownerdetailsindia.apk	/workspace/ella-master4/out_no_gpu/_workspace_sport_tool_tran_wea_auto1_auto2_37_labs.onyx.vehicleownerdetailsindia.apk/	29.3821003	( 10604 / 36090 )
_workspace_sport_tool_tran_wea_auto1_auto2_38_ru.alexko.regionalcodesua.apk	/workspace/ella-master4/out_no_gpu/_workspace_sport_tool_tran_wea_auto1_auto2_38_ru.alexko.regionalcodesua.apk/	20.03942181	( 610 / 3044 )
_workspace_sport_tool_tran_wea_auto1_auto2_53_com.cs.bmwi.speeddrifter.apk	/workspace/ella-master4/out_no_gpu/_workspace_sport_tool_tran_wea_auto1_auto2_53_com.cs.bmwi.speeddrifter.apk/	24.84934809	( 4536 / 18254 )
_workspace_sport_tool_tran_wea_auto1_auto2_53_com.yamaha.mygarageapp.apk	/workspace/ella-master4/out_no_gpu/_workspace_sport_tool_tran_wea_auto1_auto2_53_com.yamaha.mygarageapp.apk/	4.892530578	( 412 / 8421 )
_workspace_sport_tool_tran_wea_auto1_auto2_54_com.weawow.apk	/workspace/ella-master4/out_no_gpu/_workspace_sport_tool_tran_wea_auto1_auto2_54_com.weawow.apk/	16.48064305	( 6807 / 41303 )
3fc063e441d34f9e904b79d494d7f7ad26981bff6f3fc242534ec2b15c3ee8f2	/workspace/ella-master5/out_no_gpu/3fc063e441d34f9e904b79d494d7f7ad26981bff6f3fc242534ec2b15c3ee8f2/	3.373945642	( 72 / 2134 )
7bd05ac926d9fe60e73385dad1723fb5efbfe3f8b9da9949e67bc11bb04b443e	/workspace/ella-master5/out_no_gpu/7bd05ac926d9fe60e73385dad1723fb5efbfe3f8b9da9949e67bc11bb04b443e/	2.209617756	( 448 / 20275 )
98b7ec6086a7120efd63688d2e67b775d65466fc07745fb53f429930f3be55b4	/workspace/ella-master5/out_no_gpu/98b7ec6086a7120efd63688d2e67b775d65466fc07745fb53f429930f3be55b4/	1.00896861	( 9 / 892 )
9c83053b167de0fa95ec6b4e60f3e85412710e688e9c1cb830721f105122f051	/workspace/ella-master5/out_no_gpu/9c83053b167de0fa95ec6b4e60f3e85412710e688e9c1cb830721f105122f051/	15.43216344	( 2946 / 19090 )
b7e6af956e9f4fee29a290e393eece83816fd8bcdd056dc018ca706f44d34c84	/workspace/ella-master5/out_no_gpu/b7e6af956e9f4fee29a290e393eece83816fd8bcdd056dc018ca706f44d34c84/	13.11813187	( 4202 / 32032 )
_workspace_auto_t400_10_com.canvas.car.crash.beam.car.jump.arena.apk	/workspace/ella-master5/out_no_gpu/_workspace_auto_t400_10_com.canvas.car.crash.beam.car.jump.arena.apk/	0.2903473211	( 53 / 18254 )
_workspace_auto_t400_10_com.engine.sounds.supercar.apk	/workspace/ella-master5/out_no_gpu/_workspace_auto_t400_10_com.engine.sounds.supercar.apk/	6.894844778	( 975 / 14141 )
_workspace_auto_t400_10_com.frenzygames.impossible.happy.autowheels.verticalmegaramp.stunts.apk	/workspace/ella-master5/out_no_gpu/_workspace_auto_t400_10_com.frenzygames.impossible.happy.autowheels.verticalmegaramp.stunts.apk/	2.569221422	( 296 / 11521 )
_workspace_auto_t400_10_com.whsd.whsdapp.apk	/workspace/ella-master5/out_no_gpu/_workspace_auto_t400_10_com.whsd.whsdapp.apk/	5.786644856	( 1981 / 34234 )
_workspace_auto_t400_1_com.zmgc.off.road.tuk.tuk.auto.rickshaw.food.truck.apk	/workspace/ella-master5/out_no_gpu/_workspace_auto_t400_1_com.zmgc.off.road.tuk.tuk.auto.rickshaw.food.truck.apk/	0.7641689662	( 36 / 4711 )
_workspace_auto_t400_4_com.iknow99.ezetc.apk	/workspace/ella-master5/out_no_gpu/_workspace_auto_t400_4_com.iknow99.ezetc.apk/	9.824716453	( 1334 / 13578 )
_workspace_auto_t400_4_com.ticker.pickup.truck.apk	/workspace/ella-master5/out_no_gpu/_workspace_auto_t400_4_com.ticker.pickup.truck.apk/	3.071017274	( 352 / 11462 )
_workspace_auto_t400_6_air.com.readysquare.sckeys.apk	/workspace/ella-master5/out_no_gpu/_workspace_auto_t400_6_air.com.readysquare.sckeys.apk/	2.448531638	( 647 / 26424 )
_workspace_auto_t400_8_com.napko.RealDash.apk	/workspace/ella-master5/out_no_gpu/_workspace_auto_t400_8_com.napko.RealDash.apk/	8.664705882	( 1473 / 17000 )
_workspace_comics_100_10_com.bl.cod.black.ops.apk	/workspace/ella-master5/out_no_gpu/_workspace_comics_100_10_com.bl.cod.black.ops.apk/	1.58536222	( 532 / 33557 )
_workspace_comics_100_1_com.collectorz.javamobile.android.comics.apk	/workspace/ella-master5/out_no_gpu/_workspace_comics_100_1_com.collectorz.javamobile.android.comics.apk/	10.44420829	( 4914 / 47050 )
_workspace_comics_100_3_com.rampokdolarlcc.stumbleguys.apk	/workspace/ella-master5/out_no_gpu/_workspace_comics_100_3_com.rampokdolarlcc.stumbleguys.apk/	4.145099176	( 1001 / 24149 )
_workspace_comics_100_3_photo.smile.comic.dragonz.apk	/workspace/ella-master5/out_no_gpu/_workspace_comics_100_3_photo.smile.comic.dragonz.apk/	14.99826981	( 3034 / 20229 )
_workspace_comics_100_5_app.vozesclonadas.apk	/workspace/ella-master5/out_no_gpu/_workspace_comics_100_5_app.vozesclonadas.apk/	2.996386164	( 1451 / 48425 )
_workspace_comics_100_6_com.kyawgyi.yp.apk	/workspace/ella-master5/out_no_gpu/_workspace_comics_100_6_com.kyawgyi.yp.apk/	5.02774427	( 1042 / 20725 )
_workspace_comics_100_7_alpha.hd.anime.girls.wallpapers.apk	/workspace/ella-master5/out_no_gpu/_workspace_comics_100_7_alpha.hd.anime.girls.wallpapers.apk/	6.281360342	( 1352 / 21524 )
_workspace_comics_100_7_com.Pygmies.superhero.flash.rescue.free.apk	/workspace/ella-master5/out_no_gpu/_workspace_comics_100_7_com.Pygmies.superhero.flash.rescue.free.apk/	3.985422967	( 514 / 12897 )
_workspace_comics_100_9_alpha.hd.sexy.anime.wallpaper.apk	/workspace/ella-master5/out_no_gpu/_workspace_comics_100_9_alpha.hd.sexy.anime.wallpaper.apk/	6.331583593	( 1363 / 21527 )
_workspace_comics_100_9_dme.systems.zebra_comics.apk	/workspace/ella-master5/out_no_gpu/_workspace_comics_100_9_dme.systems.zebra_comics.apk/	18.57117781	( 3174 / 17091 )
_workspace_edu_enter_event_house_lib_media_12_com.heavyhammer.ushud.apk	/workspace/ella-master5/out_no_gpu/_workspace_edu_enter_event_house_lib_media_12_com.heavyhammer.ushud.apk/	7.260009648	( 301 / 4146 )
_workspace_edu_enter_event_house_lib_media_15_com.digimoncardencyclopedia.apk	/workspace/ella-master5/out_no_gpu/_workspace_edu_enter_event_house_lib_media_15_com.digimoncardencyclopedia.apk/	6.990904307	( 1860 / 26606 )
_workspace_edu_enter_event_house_lib_media_27_com.invitationmaker.lss.photomaker.apk	/workspace/ella-master5/out_no_gpu/_workspace_edu_enter_event_house_lib_media_27_com.invitationmaker.lss.photomaker.apk/	4.699583581	( 1343 / 28577 )
_workspace_edu_enter_event_house_lib_media_27_kr.co.smartstudy.singingphone_android_googlemarket.apk	/workspace/ella-master5/out_no_gpu/_workspace_edu_enter_event_house_lib_media_27_kr.co.smartstudy.singingphone_android_googlemarket.apk/	3.925845147	( 1728 / 44016 )
_workspace_edu_enter_event_house_lib_media_34_com.sdcard.damage.Formatter.apk	/workspace/ella-master5/out_no_gpu/_workspace_edu_enter_event_house_lib_media_34_com.sdcard.damage.Formatter.apk/	7.59247815	( 2580 / 33981 )
_workspace_edu_enter_event_house_lib_media_3_com.chic.colorfuldiscolights2.apk	/workspace/ella-master5/out_no_gpu/_workspace_edu_enter_event_house_lib_media_3_com.chic.colorfuldiscolights2.apk/	22.1907066	( 2660 / 11987 )
_workspace_edu_enter_event_house_lib_media_3_inc.trilokia.gfxtool.free.apk	/workspace/ella-master5/out_no_gpu/_workspace_edu_enter_event_house_lib_media_3_inc.trilokia.gfxtool.free.apk/	25.09605416	( 4115 / 16397 )
_workspace_edu_enter_event_house_lib_media_40_com.jeepbeach.jeepbeach.apk	/workspace/ella-master5/out_no_gpu/_workspace_edu_enter_event_house_lib_media_40_com.jeepbeach.jeepbeach.apk/	1.763679047	( 293 / 16613 )
_workspace_edu_enter_event_house_lib_media_47_com.itcrbr.football.apk	/workspace/ella-master5/out_no_gpu/_workspace_edu_enter_event_house_lib_media_47_com.itcrbr.football.apk/	0.2217368282	( 67 / 30216 )
_workspace_edu_enter_event_house_lib_media_56_com.miga.world.apk	/workspace/ella-master5/out_no_gpu/_workspace_edu_enter_event_house_lib_media_56_com.miga.world.apk/	1.871227364	( 93 / 4970 )
_workspace_edu_enter_event_house_lib_media_58_com.kstudio.pokedex.apk	/workspace/ella-master5/out_no_gpu/_workspace_edu_enter_event_house_lib_media_58_com.kstudio.pokedex.apk/	11.56296598	( 1706 / 14754 )
_workspace_edu_enter_event_house_lib_media_58_com.universal.ac.remote.control.air.conditioner.apk	/workspace/ella-master5/out_no_gpu/_workspace_edu_enter_event_house_lib_media_58_com.universal.ac.remote.control.air.conditioner.apk/	9.617283234	( 4968 / 51657 )
_workspace_finance_10_com.autostart.apk	/workspace/ella-master5/out_no_gpu/_workspace_finance_10_com.autostart.apk/	79.74683544	( 63 / 79 )
_workspace_health_fitness_13_com.ohealthstudio.flatstomachworkout.apk	/workspace/ella-master5/out_no_gpu/_workspace_health_fitness_13_com.ohealthstudio.flatstomachworkout.apk/	6.086648357	( 2061 / 33861 )
_workspace_health_fitness_17_is.vertical.ptsdcoach.apk	/workspace/ella-master5/out_no_gpu/_workspace_health_fitness_17_is.vertical.ptsdcoach.apk/	4.355420652	( 1521 / 34922 )
_workspace_health_fitness_2_appinventor.ai_MAdelSelim.Paranormal_hunter.apk	/workspace/ella-master5/out_no_gpu/_workspace_health_fitness_2_appinventor.ai_MAdelSelim.Paranormal_hunter.apk/	5.331927552	( 1416 / 26557 )
_workspace_health_fitness_2_com.remind.drink.water.hourly.apk	/workspace/ella-master5/out_no_gpu/_workspace_health_fitness_2_com.remind.drink.water.hourly.apk/	18.54437006	( 5845 / 31519 )
_workspace_health_fitness_2_losebellyfat.flatstomach.absworkout.fatburning.apk	/workspace/ella-master5/out_no_gpu/_workspace_health_fitness_2_losebellyfat.flatstomach.absworkout.fatburning.apk/	10.44732071	( 2478 / 23719 )
_workspace_health_fitness_8_com.ohealthstudio.buttocksworkoutforwomen.apk	/workspace/ella-master5/out_no_gpu/_workspace_health_fitness_8_com.ohealthstudio.buttocksworkoutforwomen.apk/	13.30372324	( 3834 / 28819 )
_workspace_musi_new_parent_prod_shop_soci_22_com.oan.live.apk	/workspace/ella-master5/out_no_gpu/_workspace_musi_new_parent_prod_shop_soci_22_com.oan.live.apk/	0.002215968267	( 1 / 45127 )
_workspace_musi_new_parent_prod_shop_soci_22_volumebooster.sound.loud.speaker.booster.apk	/workspace/ella-master5/out_no_gpu/_workspace_musi_new_parent_prod_shop_soci_22_volumebooster.sound.loud.speaker.booster.apk/	17.46163751	( 6509 / 37276 )
_workspace_photography_100_10_com.photoappworld.photo.sticker.creator.wastickerapps.apk	/workspace/ella-master5/out_no_gpu/_workspace_photography_100_10_com.photoappworld.photo.sticker.creator.wastickerapps.apk/	18.13614768	( 4657 / 25678 )
_workspace_photography_100_5_hd.camera.apk	/workspace/ella-master5/out_no_gpu/_workspace_photography_100_5_hd.camera.apk/	15.2423712	( 2003 / 13141 )
_workspace_photography_100_8_net.sourceforge.opencamera.apk	/workspace/ella-master5/out_no_gpu/_workspace_photography_100_8_net.sourceforge.opencamera.apk/	13.89385475	( 2487 / 17900 )
_workspace_photography_100_9_photo.beauty.sticker.ar.camera.apk	/workspace/ella-master5/out_no_gpu/_workspace_photography_100_9_photo.beauty.sticker.ar.camera.apk/	1.531163402	( 326 / 21291 )
_workspace_sport_tool_tran_wea_auto1_auto2_12_in.ekadantapps.bikeprice.apk	/workspace/ella-master5/out_no_gpu/_workspace_sport_tool_tran_wea_auto1_auto2_12_in.ekadantapps.bikeprice.apk/	40.99457207	( 7477 / 18239 )
_workspace_sport_tool_tran_wea_auto1_auto2_23_com.pg.truck.simulator.trailer.apk	/workspace/ella-master5/out_no_gpu/_workspace_sport_tool_tran_wea_auto1_auto2_23_com.pg.truck.simulator.trailer.apk/	0.1957372771	( 36 / 18392 )
_workspace_sport_tool_tran_wea_auto1_auto2_39_spinninghead.carhome.apk	/workspace/ella-master5/out_no_gpu/_workspace_sport_tool_tran_wea_auto1_auto2_39_spinninghead.carhome.apk/	17.18759027	( 2975 / 17309 )
_workspace_sport_tool_tran_wea_auto1_auto2_41_siqueiradesenv.motoxj6.apk	/workspace/ella-master5/out_no_gpu/_workspace_sport_tool_tran_wea_auto1_auto2_41_siqueiradesenv.motoxj6.apk/	4.222395023	( 543 / 12860 )
_workspace_sport_tool_tran_wea_auto1_auto2_48_com.panaromicapps.calleridtracker.apk	/workspace/ella-master5/out_no_gpu/_workspace_sport_tool_tran_wea_auto1_auto2_48_com.panaromicapps.calleridtracker.apk/	8.806618623	( 3385 / 38437 )
_workspace_sport_tool_tran_wea_auto1_auto2_48_com.radar.detector.speed.camera.hud.speedometer.apk	/workspace/ella-master5/out_no_gpu/_workspace_sport_tool_tran_wea_auto1_auto2_48_com.radar.detector.speed.camera.hud.speedometer.apk/	13.21023209	( 3899 / 29515 )
_workspace_sport_tool_tran_wea_auto1_auto2_52_com.google.android.apps.authenticator2.apk	/workspace/ella-master5/out_no_gpu/_workspace_sport_tool_tran_wea_auto1_auto2_52_com.google.android.apps.authenticator2.apk/	35.40775156	( 2896 / 8179 )
_workspace_sport_tool_tran_wea_auto1_auto2_52_com.OppanaGames.Car.Sim.Japan.apk	/workspace/ella-master5/out_no_gpu/_workspace_sport_tool_tran_wea_auto1_auto2_52_com.OppanaGames.Car.Sim.Japan.apk/	0.5504010064	( 35 / 6359 )
_workspace_travel_local_100_3_io.walletpasses.android.apk	/workspace/ella-master5/out_no_gpu/_workspace_travel_local_100_3_io.walletpasses.android.apk/	17.2196699	( 6072 / 35262 )
_workspace_travel_local_100_6_com.bharatpe.app.apk	/workspace/ella-master5/out_no_gpu/_workspace_travel_local_100_6_com.bharatpe.app.apk/	11.66964032	( 4513 / 38673 )
_workspace_travel_local_100_7_com.compass.weatherforecast.navigation2021.apk	/workspace/ella-master5/out_no_gpu/_workspace_travel_local_100_7_com.compass.weatherforecast.navigation2021.apk/	0.09837790844	( 43 / 43709 )
_workspace_travel_local_100_7_com.flightaware.android.liveFlightTracker.apk	/workspace/ella-master5/out_no_gpu/_workspace_travel_local_100_7_com.flightaware.android.liveFlightTracker.apk/	20.20696267	( 6112 / 30247 )
_workspace_travel_local_100_9_com.usefulappsbd.bangla_to_english.apk	/workspace/ella-master5/out_no_gpu/_workspace_travel_local_100_9_com.usefulappsbd.bangla_to_english.apk/	26.88348365	( 5902 / 21954 )