com.dream.ai.draw.image.dreampainting,Dream Painting - Midjourney AI,1.33,https://d.apkpure.com/b/APK/com.dream.ai.draw.image.dreampainting?version=latest
com.covermaker.thumbnail.maker,Thumbnail Maker - Channel art,11.8.45,https://d.apkpure.com/b/APK/com.covermaker.thumbnail.maker?version=latest
com.logomaster.createlogo.makelogo.designer.canvafree,Logo Master: Make Logo Design,1.0.2,https://d.apkpure.com/b/APK/com.logomaster.createlogo.makelogo.designer.canvafree?version=latest
me.bazaart.app,Bazaart Photo Editor & Design,1.22.1,https://d.apkpure.com/b/APK/me.bazaart.app?version=latest
com.tophatch.concepts,Concepts: Sketch, Note, Draw,2023.03.3,https://d.apkpure.com/b/APK/com.tophatch.concepts?version=latest
com.ng_labs.paint,Paint,3.2,https://d.apkpure.com/b/APK/com.ng_labs.paint?version=latest
com.hubx.imagination,DaVinci - AI Generated Art,2.8.5,https://d.apkpure.com/b/APK/com.hubx.imagination?version=latest
com.redberry.glitter123Abc,Glitter Number and letters col,4.6,https://d.apkpure.com/b/APK/com.redberry.glitter123Abc?version=latest
com.appxstudio.blenderdoubleexposure,Blend Photo Editor & Effect,4.5.2,https://d.apkpure.com/b/APK/com.appxstudio.blenderdoubleexposure?version=latest
air.com.KalromSystems.SandDrawLite,Sand Draw Creative Art Drawing,4.8.5,https://d.apkpure.com/b/APK/air.com.KalromSystems.SandDrawLite?version=latest
com.createlogo.logomaker,Logo Maker : Graphic Design,1.4.4,https://d.apkpure.com/b/APK/com.createlogo.logomaker?version=latest
com.vblast.flipaclip,FlipaClip: Create 2D Animation,3.3.2,https://d.apkpure.com/b/APK/com.vblast.flipaclip?version=latest
com.articoapps.wedraw,WeDraw - How to Draw Anime,3.1.3,https://d.apkpure.com/b/APK/com.articoapps.wedraw?version=latest
com.logomaster.logomaker,Logo Master - Design & Maker,2.0.2,https://d.apkpure.com/b/APK/com.logomaster.logomaker?version=latest
com.sweefitstudios.drawgraffiticreator,Draw Graffiti - Name Creator,2.6,https://d.apkpure.com/b/APK/com.sweefitstudios.drawgraffiticreator?version=latest
com.raha.app.mymoney.pro,MyMoney Pro - Expense & Budget,4.9-pro,https://d.apkpure.com/b/APK/com.raha.app.mymoney.pro?version=latest
com.enderman.skins.scary.noob.anime,Enderman skins - Mob package,2.9,https://d.apkpure.com/b/APK/com.enderman.skins.scary.noob.anime?version=latest
learn.all.anime.drawing,Learn to Draw Anime by Steps,3.0.259,https://d.apkpure.com/b/APK/learn.all.anime.drawing?version=latest
com.inknangels.TatAngel,Tattoo Font Designer,175,https://d.apkpure.com/b/APK/com.inknangels.TatAngel?version=latest
com.codeway.wonder,Wonder - AI Art Generator,2.9.32,https://d.apkpure.com/b/APK/com.codeway.wonder?version=latest
com.OneManBand.PoseIt,Poseit,2.1.2,https://d.apkpure.com/b/APK/com.OneManBand.PoseIt?version=latest
com.invitation.maker.birthday.card,Invitation maker & Card Design,16.4,https://d.apkpure.com/b/APK/com.invitation.maker.birthday.card?version=latest
com.picso.android,PicSo – Customize Your AI Girl,1.13.2,https://d.apkpure.com/b/APK/com.picso.android?version=latest
com.madcat.easyposer,Easy Pose - 3D pose making app,1.5.63,https://d.apkpure.com/b/APK/com.madcat.easyposer?version=latest
com.adsk.sketchbook,Sketchbook,5.3.1,https://d.apkpure.com/b/APK/com.adsk.sketchbook?version=latest
com.logo.maker.creator.generator.graphic.designer,Logo Maker: Logo Designer,1.3.5,https://d.apkpure.com/b/APK/com.logo.maker.creator.generator.graphic.designer?version=latest
com.cool.stylish.text.art.fancy.color.creator,Text Art: Quote & Poster Maker,4.6.9,https://d.apkpure.com/b/APK/com.cool.stylish.text.art.fancy.color.creator?version=latest
ai.imgit.art_generator,Imgit AI Art Generator,1.1.5,https://d.apkpure.com/b/APK/ai.imgit.art_generator?version=latest
com.redberry.glitterdressa2,Glitter dress coloring and dra,6.0,https://d.apkpure.com/b/APK/com.redberry.glitterdressa2?version=latest
com.lightricks.photoleap,Photoleap: Photo Editor/AI Art,1.12.2,https://d.apkpure.com/b/APK/com.lightricks.photoleap?version=latest
com.circular.pixels,Pixelcut AI Photo Editor,0.6.5,https://d.apkpure.com/b/APK/com.circular.pixels?version=latest
com.adobe.spark.post,Adobe Express: Graphic Design,8.15.0,https://d.apkpure.com/b/APK/com.adobe.spark.post?version=latest
com.pixilart.app,Pixilart - Make Pixel Art,1.4.1,https://d.apkpure.com/b/APK/com.pixilart.app?version=latest
com.paint.bynumber.color.coloringgames,Painting Book -Color by number,2.011,https://d.apkpure.com/b/APK/com.paint.bynumber.color.coloringgames?version=latest
io.opensea,OpenSea: NFT marketplace,2.14.0,https://d.apkpure.com/b/APK/io.opensea?version=latest
com.magicdoodleart.quickdrawingapp,Doodle Art: Magic Drawing App,5.1.7,https://d.apkpure.com/b/APK/com.magicdoodleart.quickdrawingapp?version=latest
com.cg.android.babycountdown,Baby Countdown Widget,1.0.13.20221027.1,https://d.apkpure.com/b/APK/com.cg.android.babycountdown?version=latest
pl.planmieszkania.android,Floor Plan Creator,3.6.2,https://d.apkpure.com/b/APK/pl.planmieszkania.android?version=latest
com.appolo13.stickmandrawanimation,Stickman: draw animation maker,4.1.8,https://d.apkpure.com/b/APK/com.appolo13.stickmandrawanimation?version=latest
com.kanishka_developer.SketchPad,SketchPad - Doodle On The Go,2.1.1,https://d.apkpure.com/b/APK/com.kanishka_developer.SketchPad?version=latest
com.dephotos.crello,VistaCreate: Graphic Design,2.34.0,https://d.apkpure.com/b/APK/com.dephotos.crello?version=latest
how.draw.cutefood,How to draw cute food by steps,3.0.1,https://d.apkpure.com/b/APK/how.draw.cutefood?version=latest
com.canva.editor,Canva: Design, Photo & Video,2.210.0,https://d.apkpure.com/b/APK/com.canva.editor?version=latest
com.ssfa.picture.drawai,SketchAI - Sketch into Picture,1.0.2.101,https://d.apkpure.com/b/APK/com.ssfa.picture.drawai?version=latest
com.starryai,starryai - Create AI Art,1.9.1,https://d.apkpure.com/b/APK/com.starryai?version=latest
com.adobe.creativeapps.gather,Adobe Capture: Illustrator,Ps,9.1 (3372),https://d.apkpure.com/b/APK/com.adobe.creativeapps.gather?version=latest
com.brianmason101.waifu.maker,AI Image Generator - Anime Art,2.3.6,https://d.apkpure.com/b/APK/com.brianmason101.waifu.maker?version=latest
com.zimad.magicpaintings,Magic Diamond Painting－Art App,2.26.0,https://d.apkpure.com/b/APK/com.zimad.magicpaintings?version=latest
com.ai.profile,magic avatar - AI art creator,1.6.5,https://d.apkpure.com/b/APK/com.ai.profile?version=latest
video.downloader.videodownloader.tube,Video Downloader,1.30.1,https://d.apkpure.com/b/APK/video.downloader.videodownloader.tube?version=latest
com.behance.behance,Behance - Creative Portfolios,7.1.2,https://d.apkpure.com/b/APK/com.behance.behance?version=latest
com.tapuniverse.aiartgenerator,AI Art Generator - AI Drawing,2.1.2,https://d.apkpure.com/b/APK/com.tapuniverse.aiartgenerator?version=latest
tattooz.tattoo.maker.name.on.my.photo,Tattoo Maker - Tattoo On Photo,1.5.9,https://d.apkpure.com/b/APK/tattooz.tattoo.maker.name.on.my.photo?version=latest
com.scaleup.dreame,AvA - Magic Avatar Maker,1.3.5,https://d.apkpure.com/b/APK/com.scaleup.dreame?version=latest
ai.art.generated.drawing.anime.photo.dream,Anime AI,1.1.4,https://d.apkpure.com/b/APK/ai.art.generated.drawing.anime.photo.dream?version=latest
app.over.editor,GoDaddy Studio: Graphic Design,7.37.1,https://d.apkpure.com/b/APK/app.over.editor?version=latest
com.inforcegames.app3dmodelling,3D Modeling App: Sculpt & Draw,1.15.14,https://d.apkpure.com/b/APK/com.inforcegames.app3dmodelling?version=latest
com.ezp.tattoo,Tattoo On Photo, Create Tattoo,1.1.3,https://d.apkpure.com/b/APK/com.ezp.tattoo?version=latest
com.doodle.master.draw.glow.art,Doodle Master - Glow Art,2.2.8,https://d.apkpure.com/b/APK/com.doodle.master.draw.glow.art?version=latest
com.nft.creator.nftartmaker.crypto,AI Art Generator - Anime Art,3.2.8,https://d.apkpure.com/b/APK/com.nft.creator.nftartmaker.crypto?version=latest
com.drawing.pad.desk.app.coloring.book.paint.sketch,Drawing Apps: Draw, Sketch Pad,1.5,https://d.apkpure.com/b/APK/com.drawing.pad.desk.app.coloring.book.paint.sketch?version=latest
toon.photo.cartoon.editor,AI Avatar maker, Profile Pic,2.1.7,https://d.apkpure.com/b/APK/toon.photo.cartoon.editor?version=latest
com.tattoo.body.name.girls.boys.photo.editor,Tattoo My Name On Photo Editor,2.3.2,https://d.apkpure.com/b/APK/com.tattoo.body.name.girls.boys.photo.editor?version=latest
com.aige.hipaint,HiPaint -Sketch Draw Paint it!,4.1.0,https://d.apkpure.com/b/APK/com.aige.hipaint?version=latest
com.tayasui.sketches,Tayasui Sketches,1.3.16,https://d.apkpure.com/b/APK/com.tayasui.sketches?version=latest
com.brakefield.painter,Infinite Painter,7.0.36,https://d.apkpure.com/b/APK/com.brakefield.painter?version=latest
com.advancedweb.tracing_paper_sketching,Tracing Paper - Light Box,1.0.0,https://d.apkpure.com/b/APK/com.advancedweb.tracing_paper_sketching?version=latest
com.supono.dalleaigenerator,AI Art Generator,1.4.2,https://d.apkpure.com/b/APK/com.supono.dalleaigenerator?version=latest
com.vyroai.aiart,Imagine : AI Art Generator,2.4.2,https://d.apkpure.com/b/APK/com.vyroai.aiart?version=latest
com.magic.ai.android,MagicAI - AI Art & Anime Art,2.6.4,https://d.apkpure.com/b/APK/com.magic.ai.android?version=latest
com.eyewind.paperone,PaperColor,2.5.5,https://d.apkpure.com/b/APK/com.eyewind.paperone?version=latest
com.axis.drawingdesk.v3,Drawing Desk: Draw, Paint Art,6.1.0,https://d.apkpure.com/b/APK/com.axis.drawingdesk.v3?version=latest
jp.ne.ibis.ibispaintx.app,ibis Paint X,10.0.8,https://d.apkpure.com/b/APK/jp.ne.ibis.ibispaintx.app?version=latest
com.SpartanApps.AutoGamingLogoMaker,FF Logo Maker | Gaming Esports,1.0.13,https://d.apkpure.com/b/APK/com.SpartanApps.AutoGamingLogoMaker?version=latest
alpha.sticker.maker,Animated Sticker Maker (FSM),1.32,https://d.apkpure.com/b/APK/alpha.sticker.maker?version=latest
com.womboai.wombodream,WOMBO Dream - AI Art Generator,2.4.2,https://d.apkpure.com/b/APK/com.womboai.wombodream?version=latest
com.zxaeclub.codebyanju.project.drawingpadpro,Drawing Pad Pro,4.3.0.1,https://d.apkpure.com/b/APK/com.zxaeclub.codebyanju.project.drawingpadpro?version=latest
tattoo.design.ideas.maker.name,Tattoo Designs and Ideas,1.1.9,https://d.apkpure.com/b/APK/tattoo.design.ideas.maker.name?version=latest
com.graphic.design.space.print.sticker,Design Space For Cricut Maker,3.3,https://d.apkpure.com/b/APK/com.graphic.design.space.print.sticker?version=latest
com.storyfont.android,StoryFont for Instagram Story,1.1.7,https://d.apkpure.com/b/APK/com.storyfont.android?version=latest
com.crafto.android,Crafto,4.6.3,https://d.apkpure.com/b/APK/com.crafto.android?version=latest
com.wave.wavesome.ai.image.generator,Wavesome.AI Image Generator,1.0.31,https://d.apkpure.com/b/APK/com.wave.wavesome.ai.image.generator?version=latest
com.delgeo.desygner,Desygner: Graphic Design Maker,4.9.5,https://d.apkpure.com/b/APK/com.delgeo.desygner?version=latest
com.rstream.learndrawing,Learn Drawing,Varies with device,https://d.apkpure.com/b/APK/com.rstream.learndrawing?version=latest
com.aidealab.aipicasso,AI Picasso - Dream Art Studio,1.0.14,https://d.apkpure.com/b/APK/com.aidealab.aipicasso?version=latest
com.world.globle.tracesketch.rp,Draw : Trace & Sketch,1.6,https://d.apkpure.com/b/APK/com.world.globle.tracesketch.rp?version=latest
com.colorbynumber.unicorn.pixel.art.pokepix1.draw.paintbynumber,Pokepix Color By Number,1.0.3,https://d.apkpure.com/b/APK/com.colorbynumber.unicorn.pixel.art.pokepix1.draw.paintbynumber?version=latest
com.zimad.mpixel,Magic Cross Stitch: Pixel Art,2.26.0,https://d.apkpure.com/b/APK/com.zimad.mpixel?version=latest
org.contentarcade.apps.logomaker,Logo Maker : Logo Creator,42.49,https://d.apkpure.com/b/APK/org.contentarcade.apps.logomaker?version=latest
com.iyousoft.eden,Eden Ai artist,1.3.0,https://d.apkpure.com/b/APK/com.iyousoft.eden?version=latest
com.alexmojaki.quiggles,Quiggles,public_8,https://d.apkpure.com/b/APK/com.alexmojaki.quiggles?version=latest
com.appxstudio.smokearteffect,Smoke Name Art Maker,1.1.2,https://d.apkpure.com/b/APK/com.appxstudio.smokearteffect?version=latest
com.veraxen.colorbynumber.oilpainting,Color by Number for Adults,1.24.2,https://d.apkpure.com/b/APK/com.veraxen.colorbynumber.oilpainting?version=latest
ai.generated.art.maker.image.picture.photo.generator.painting,Arta・AI Art & Avatar Generator,2.7.3,https://d.apkpure.com/b/APK/ai.generated.art.maker.image.picture.photo.generator.painting?version=latest
com.medibang.android.paint.tablet,MediBang Paint - Make Art !,25.5,https://d.apkpure.com/b/APK/com.medibang.android.paint.tablet?version=latest
com.lemgstudio.fortnitewallpapereditor,Battle Royale Wallpaper Editor,1.0.5,https://d.apkpure.com/b/APK/com.lemgstudio.fortnitewallpapereditor?version=latest
ai.art.camera.photo.generated.lansa.beauty,Photo AI,1.0.2,https://d.apkpure.com/b/APK/ai.art.camera.photo.generated.lansa.beauty?version=latest
com.hailostudio.aiphotogenerator,Dream AI Art Generator,1.4.0,https://d.apkpure.com/b/APK/com.hailostudio.aiphotogenerator?version=latest
com.Gacha.Club.whose.main.objectivez,Gacha Nox Mod,1.0,https://d.apkpure.com/b/APK/com.Gacha.Club.whose.main.objectivez?version=latest
com.hugelettuce.unidream.ai.drawing,AI Drawing & Art - UniDream,1.2.2,https://d.apkpure.com/b/APK/com.hugelettuce.unidream.ai.drawing?version=latest
com.PixelStudio,Pixel Studio: pixel art editor,4.57,https://d.apkpure.com/b/APK/com.PixelStudio?version=latest
xyz.castle,Castle - Make and Pla‪y,103.0,https://d.apkpure.com/b/APK/xyz.castle?version=latest
com.svg.designs.for.design.space,Designs For Cricut,1.5,https://d.apkpure.com/b/APK/com.svg.designs.for.design.space?version=latest
com.create.pottery.paint.by.color,Pottery Master: Ceramic Art,1.4.7,https://d.apkpure.com/b/APK/com.create.pottery.paint.by.color?version=latest
com.apowersoft.backgrounderaser,Apowersoft Background Eraser,1.7.2,https://d.apkpure.com/b/APK/com.apowersoft.backgrounderaser?version=latest
com.ioslauncher.free2,X Launcher: With OS13 Theme,Varies with device,https://d.apkpure.com/b/APK/com.ioslauncher.free2?version=latest
com.camera.sketch.camera.pencil,Art Camera -Cartoon,Pen Sketch,5.0,https://d.apkpure.com/b/APK/com.camera.sketch.camera.pencil?version=latest
com.appme.singpets,My Pet Singing & Talking,1.50,https://d.apkpure.com/b/APK/com.appme.singpets?version=latest
com.ripl.android,Ripl: Social Media Marketing,4.0.879,https://d.apkpure.com/b/APK/com.ripl.android?version=latest
com.dealdash,DealDash - Bid & Save Auctions,5.15.4,https://d.apkpure.com/b/APK/com.dealdash?version=latest
com.fantasy.booth,Fantasy Booth -AI Avatar Maker,2.4,https://d.apkpure.com/b/APK/com.fantasy.booth?version=latest
com.tesseractmobile.aiart,monAI - Art Generator,1.0.274-release,https://d.apkpure.com/b/APK/com.tesseractmobile.aiart?version=latest
com.birthday.birthdayinvitation,Birthday Invitation Maker,1.2.1,https://d.apkpure.com/b/APK/com.birthday.birthdayinvitation?version=latest
com.bg.logomaker,Logo Maker: Logo Creator,41.0,https://d.apkpure.com/b/APK/com.bg.logomaker?version=latest
com.magicposernew,Magic Poser,1.56.1,https://d.apkpure.com/b/APK/com.magicposernew?version=latest
com.cricut.joy.app,Cricut Joy,2.5.0,https://d.apkpure.com/b/APK/com.cricut.joy.app?version=latest
fr.moblo,Moblo - 3D furniture modeling,23.03.1,https://d.apkpure.com/b/APK/fr.moblo?version=latest
com.khoben.fontpicker,Font Picker - font downloader,1.4.24,https://d.apkpure.com/b/APK/com.khoben.fontpicker?version=latest
com.onetap.bit8painter,8bit Painter,1.20.0,https://d.apkpure.com/b/APK/com.onetap.bit8painter?version=latest
com.diamond.art.color.by.number,Diamond art: Dazzle coloring,2.1.1,https://d.apkpure.com/b/APK/com.diamond.art.color.by.number?version=latest
com.dodoindex.imiprompt,IMI: Midjourney Prompt Builder,1.3.14,https://d.apkpure.com/b/APK/com.dodoindex.imiprompt?version=latest
com.bytestorm.artflow,ArtFlow: Paint Draw Sketchbook,2.9.26,https://d.apkpure.com/b/APK/com.bytestorm.artflow?version=latest
com.teazel.coloring,Coloring,Varies with device,https://d.apkpure.com/b/APK/com.teazel.coloring?version=latest
com.artai,Ai Art Studio Ai Art Generator,3.03,https://d.apkpure.com/b/APK/com.artai?version=latest
com.JassAppx.LogoMaker_LogoCreator_LogoDesign,Logo Maker : 3D Logo Designer,1.4,https://d.apkpure.com/b/APK/com.JassAppx.LogoMaker_LogoCreator_LogoDesign?version=latest
co.theguru.sch,Space Center Houston,4.995.12,https://d.apkpure.com/b/APK/co.theguru.sch?version=latest
com.magicimage.differintavtar,AI Art Generator,1.0,https://d.apkpure.com/b/APK/com.magicimage.differintavtar?version=latest
art.ai.drawing.generator,Anime AI: AI Art Generator,1.171,https://d.apkpure.com/b/APK/art.ai.drawing.generator?version=latest
com.art.coloringbook.game,Painting by Number: Color ASMR,1.1.0,https://d.apkpure.com/b/APK/com.art.coloringbook.game?version=latest
com.rainbowartgenerator.rainbow_ai,Rainbow - Ai Generated Art,1.4.4,https://d.apkpure.com/b/APK/com.rainbowartgenerator.rainbow_ai?version=latest
com.gotivagames.draughts.checkers,American Checkers,1.3.13,https://d.apkpure.com/b/APK/com.gotivagames.draughts.checkers?version=latest
com.raed.drawing,My Drawing 2: sketch & paint,2.4.0,https://d.apkpure.com/b/APK/com.raed.drawing?version=latest
com.recover.deleted.data.photo.data.recovery,Photo Recovery & Data Recovery,5,https://d.apkpure.com/b/APK/com.recover.deleted.data.photo.data.recovery?version=latest
com.stephaneginier.nomad,Nomad Sculpt,1.76,https://d.apkpure.com/b/APK/com.stephaneginier.nomad?version=latest
com.Endvoid.SculptPlus,Sculpt+,2023.3.29,https://d.apkpure.com/b/APK/com.Endvoid.SculptPlus?version=latest
com.linhoapps.sgraffito,Sgraffito. Art set 4 procreate,3.12.0,https://d.apkpure.com/b/APK/com.linhoapps.sgraffito?version=latest
com.colorbynumber.unicorn.pixel.art.aiart.draw.paintbynumber,Anime Pixel - Color By Number,1.1.1,https://d.apkpure.com/b/APK/com.colorbynumber.unicorn.pixel.art.aiart.draw.paintbynumber?version=latest
com.sec.penup,PENUP - Share your drawings,Varies with device,https://d.apkpure.com/b/APK/com.sec.penup?version=latest
co.appnation.artgenerator,Airt - AI Art Generator,2.0.0,https://d.apkpure.com/b/APK/co.appnation.artgenerator?version=latest
com.craiyon.twa,Craiyon - AI Image Generator,6,https://d.apkpure.com/b/APK/com.craiyon.twa?version=latest
anime.art.paint.tap.color.by.number.lite,Anime Color Lite,1.0.5,https://d.apkpure.com/b/APK/anime.art.paint.tap.color.by.number.lite?version=latest
com.figma.mirror,Figma – prototype mirror share,23.0.0,https://d.apkpure.com/b/APK/com.figma.mirror?version=latest
com.mmicunovic.papercopy,Papercopy - Tracer,2.0.3,https://d.apkpure.com/b/APK/com.mmicunovic.papercopy?version=latest
com.smartwidgetlabs.aiart,Dream AI Art Generator Wonder,1.2.8,https://d.apkpure.com/b/APK/com.smartwidgetlabs.aiart?version=latest
com.oshirtshop.com.designer,T-shirt design - OShirt,3.6.3,https://d.apkpure.com/b/APK/com.oshirtshop.com.designer?version=latest
com.nra.flyermaker,Poster Maker, Flyer Maker,90.0,https://d.apkpure.com/b/APK/com.nra.flyermaker?version=latest
com.scanscapes.ardroptestapp,Drop The Coins,1.4.3,https://d.apkpure.com/b/APK/com.scanscapes.ardroptestapp?version=latest
com.iArt.book,‎iArtbook Digital Painting App,1.0,https://d.apkpure.com/b/APK/com.iArt.book?version=latest
com.sumoing.recolor,Recolor - Anti-Stress Coloring,5.7.2,https://d.apkpure.com/b/APK/com.sumoing.recolor?version=latest
com.cross.stitch.color.by.number,Color by Letter: Sewing game,1.4.7,https://d.apkpure.com/b/APK/com.cross.stitch.color.by.number?version=latest
com.wallpaper4you.nfl_american_football_wallpaper_playertim,NFL Football Wallpapers 4K,1.0,https://d.apkpure.com/b/APK/com.wallpaper4you.nfl_american_football_wallpaper_playertim?version=latest
anime.face.changer.cartoon.photo_editor,Ai Anime Face Changer,6.13,https://d.apkpure.com/b/APK/anime.face.changer.cartoon.photo_editor?version=latest
splendid.postermaker.designer,Poster Maker & flyer maker app,8.3,https://d.apkpure.com/b/APK/splendid.postermaker.designer?version=latest
udenity.draw.animals,How to draw animals by steps,3.0.1,https://d.apkpure.com/b/APK/udenity.draw.animals?version=latest
com.nftnow,NFT Up - AI Art,2.6,https://d.apkpure.com/b/APK/com.nftnow?version=latest
com.number.draw.ly.color.by.number.pixel.art.sandbox.coloring,Draw.ly: Color by Number,3.3.5,https://d.apkpure.com/b/APK/com.number.draw.ly.color.by.number.pixel.art.sandbox.coloring?version=latest
tattoo.images.designs,5000+ Tattoo Designs and Ideas,15,https://d.apkpure.com/b/APK/tattoo.images.designs?version=latest
com.ist.artlab,Poster Maker - Graphic Design,0.0.43.8-beta,https://d.apkpure.com/b/APK/com.ist.artlab?version=latest
poster.maker.art.design,Poster Maker : Flyer Maker,Art,8.2,https://d.apkpure.com/b/APK/poster.maker.art.design?version=latest
com.agascreative.elposer3d,El Pose 3D,Varies with device,https://d.apkpure.com/b/APK/com.agascreative.elposer3d?version=latest
com.raed.sketchbook,Sketch,4.4.2,https://d.apkpure.com/b/APK/com.raed.sketchbook?version=latest
com.studio.zm.mehndidesign2021offline,Mehndi Design 2023,1.5.6 ,https://d.apkpure.com/b/APK/com.studio.zm.mehndidesign2021offline?version=latest
com.SoftwareentwicklungKemper.SmartHomeDesign,Smart Home Design | Floor Plan,2.9,https://d.apkpure.com/b/APK/com.SoftwareentwicklungKemper.SmartHomeDesign?version=latest
aesthetic.wallpaper,aesthetic background,1010,https://d.apkpure.com/b/APK/aesthetic.wallpaper?version=latest
com.customdesignapps.tshirtproblue,T Shirt Design-Custom T Shirts,1.0.18,https://d.apkpure.com/b/APK/com.customdesignapps.tshirtproblue?version=latest
com.stablediffusion.dream_art_app,Dreamer: AI Art Generator,1.3.0,https://d.apkpure.com/b/APK/com.stablediffusion.dream_art_app?version=latest
com.aiavatr.artgenerator.aimaker,AI Avatar - AI Art Generator,2.6,https://d.apkpure.com/b/APK/com.aiavatr.artgenerator.aimaker?version=latest
com.solodevs.fortnitewallpapermaker,Battle Royale Wallpaper Maker,3.0.6,https://d.apkpure.com/b/APK/com.solodevs.fortnitewallpapermaker?version=latest
art.dreamerai.android,Dreamerland - AI Art Generator,1.1.8,https://d.apkpure.com/b/APK/art.dreamerai.android?version=latest
jp.nekomimimi.dot,Pixel Art Maker,2.2.9,https://d.apkpure.com/b/APK/jp.nekomimimi.dot?version=latest
com.apliarte.calcaapp,Calca app,81.0.0,https://d.apkpure.com/b/APK/com.apliarte.calcaapp?version=latest
com.cosmoshark.text,Text: add text to photo. Fonts,1.3.7,https://d.apkpure.com/b/APK/com.cosmoshark.text?version=latest
com.artoon.logomaker,Loogy - Graphic Design Pro,6.1,https://d.apkpure.com/b/APK/com.artoon.logomaker?version=latest
com.brakefield.idfree,Infinite Design,3.5.6,https://d.apkpure.com/b/APK/com.brakefield.idfree?version=latest
com.shimeji.dev.op,OP Shimeji - Desktop pet,1.1,https://d.apkpure.com/b/APK/com.shimeji.dev.op?version=latest
com.tera.esport.logo.maker.gaming.creator,Gaming Esports Logo Maker FFML,120,https://d.apkpure.com/b/APK/com.tera.esport.logo.maker.gaming.creator?version=latest
com.simplemobiletools.draw,Simple Draw,5.3.2,https://d.apkpure.com/b/APK/com.simplemobiletools.draw?version=latest
aiart.generator.aigc,AimeGen - AI Art Generator,1.0.50,https://d.apkpure.com/b/APK/aiart.generator.aigc?version=latest
com.jms.coloring.club,Adult Coloring Book,15.9,https://d.apkpure.com/b/APK/com.jms.coloring.club?version=latest
design.vek.color_gear.lite,Color Gear: color wheel,3.1.1-lite,https://d.apkpure.com/b/APK/design.vek.color_gear.lite?version=latest
com.SilhouetteSoftware.SilhouetteGo,Silhouette Go, 1.0 (956, 03a88595_2021-10-14),https://d.apkpure.com/b/APK/com.SilhouetteSoftware.SilhouetteGo?version=latest
textcap.addtextonphoto.picture.texteditor,Text on Photo - Text to Photo,1.6,https://d.apkpure.com/b/APK/textcap.addtextonphoto.picture.texteditor?version=latest
com.quarzo.paintmandalas,Coloring Mandalas,2.1.0,https://d.apkpure.com/b/APK/com.quarzo.paintmandalas?version=latest
com.artfiltersai.apps.deepart,Art Effect : AI Art Generate,7.1.1.7,https://d.apkpure.com/b/APK/com.artfiltersai.apps.deepart?version=latest
com.whidev.mapchart,MapChart,4.5.5,https://d.apkpure.com/b/APK/com.whidev.mapchart?version=latest
com.mstech.photoeditor,Editor plus,4.0,https://d.apkpure.com/b/APK/com.mstech.photoeditor?version=latest
com.effect.movie.camera.magic.super,Effect Maker-video editor pro,1.2,https://d.apkpure.com/b/APK/com.effect.movie.camera.magic.super?version=latest
com.hoj.kids.art.board.drawing.games,Kids Art & Drawing Game,1.0.3,https://d.apkpure.com/b/APK/com.hoj.kids.art.board.drawing.games?version=latest
com.chapter3.fbr.battleroyale,BATTLE ROYALE Chapter 4 S2,2.0,https://d.apkpure.com/b/APK/com.chapter3.fbr.battleroyale?version=latest
com.lockerroom.beautysnap.camera.photoeditor,Sweet Camera Plus Face Filters,1.3.4,https://d.apkpure.com/b/APK/com.lockerroom.beautysnap.camera.photoeditor?version=latest
com.fourksoft.genzart,GenZArt - AI Art Generator,2.0,https://d.apkpure.com/b/APK/com.fourksoft.genzart?version=latest
com.tattoo.maker.design.app,Tattoo Maker,2.3.2,https://d.apkpure.com/b/APK/com.tattoo.maker.design.app?version=latest
com.emavisuals.immaginai,ImmaginAI - AI Art Generator,3.0.0,https://d.apkpure.com/b/APK/com.emavisuals.immaginai?version=latest
co.coolors.android,Coolors,1.2.0,https://d.apkpure.com/b/APK/co.coolors.android?version=latest
com.appxstudio.postro,Poster Maker - Flyer Creator,1.1.1,https://d.apkpure.com/b/APK/com.appxstudio.postro?version=latest
udenity.draw.weapons,How to draw weapons by steps,3.0.1,https://d.apkpure.com/b/APK/udenity.draw.weapons?version=latest
com.avatargenerator.ai,Portray AI - Art Generator,2.3.0,https://d.apkpure.com/b/APK/com.avatargenerator.ai?version=latest
com.coolstickers.namestickers,ملصقات 2023 - WASticker,2.2.2,https://d.apkpure.com/b/APK/com.coolstickers.namestickers?version=latest
com.ng_labs.kidspaint,Kids Paint,5,https://d.apkpure.com/b/APK/com.ng_labs.kidspaint?version=latest
diy.crafts.free,DIY Easy Crafts ideas,3.0.255,https://d.apkpure.com/b/APK/diy.crafts.free?version=latest
anime.art.paint.tap.color.by.number.free,Tap Anime - Color By Number,1.9.0,https://d.apkpure.com/b/APK/anime.art.paint.tap.color.by.number.free?version=latest
ktech.sketchar,Sketchar: Learn to Draw,6.43.0-play,https://d.apkpure.com/b/APK/ktech.sketchar?version=latest
