com.driivz.mobile.android.evgo.driver,8.4.1,https://d.apkpure.com/b/APK/com.driivz.mobile.android.evgo.driver?version=latest
com.autobell.Autobell,5.0.1281,https://d.apkpure.com/b/APK/com.autobell.Autobell?version=latest
com.usaa.mobile.android.safedriving,2.5.1,https://d.apkpure.com/b/APK/com.usaa.mobile.android.safedriving?version=latest
com.mistercarwash.prod,1.0,https://d.apkpure.com/b/APK/com.mistercarwash.prod?version=latest
com.carvana.carvana,4.38.0,https://d.apkpure.com/b/APK/com.carvana.carvana?version=latest
com.drac.drac,1.0.4,https://d.apkpure.com/b/APK/com.drac.drac?version=latest
com.diagnosticapp.app,2.1.0,https://d.apkpure.com/b/APK/com.diagnosticapp.app?version=latest
com.take5carwash.Take5CarWash,1.8,https://d.apkpure.com/b/APK/com.take5carwash.Take5CarWash?version=latest
com.keyconnect.carremote,1.6,https://d.apkpure.com/b/APK/com.keyconnect.carremote?version=latest
com.fixdapp.two,23.6,https://d.apkpure.com/b/APK/com.fixdapp.two?version=latest
com.orto.usa,5.0.8,https://d.apkpure.com/b/APK/com.orto.usa?version=latest
de.appomotive.bimmercode,4.13.1-11155,https://d.apkpure.com/b/APK/de.appomotive.bimmercode?version=latest
com.bitspice.automate,Varies with device,https://d.apkpure.com/b/APK/com.bitspice.automate?version=latest
ai.oc.experience.gulfpay,6.18.4,https://d.apkpure.com/b/APK/ai.oc.experience.gulfpay?version=latest
com.autozonepro.app,2.5.1,https://d.apkpure.com/b/APK/com.autozonepro.app?version=latest
vought.gamestudio.veneno,7.3,https://d.apkpure.com/b/APK/vought.gamestudio.veneno?version=latest
se.volvo.vcc,5.25.0,https://d.apkpure.com/b/APK/se.volvo.vcc?version=latest
org.eobdfacile.android,3.50.0912,https://d.apkpure.com/b/APK/org.eobdfacile.android?version=latest
com.dmvpracticetest.android,1.1,https://d.apkpure.com/b/APK/com.dmvpracticetest.android?version=latest
us.nonda.zus,8.17.5,https://d.apkpure.com/b/APK/us.nonda.zus?version=latest
com.infiniti.myinfiniti,1.3.2,https://d.apkpure.com/b/APK/com.infiniti.myinfiniti?version=latest
com.carmax.carmax,3.31.0,https://d.apkpure.com/b/APK/com.carmax.carmax?version=latest
com.advanceauto.mobile.commerce.dist,2.4.3,https://d.apkpure.com/b/APK/com.advanceauto.mobile.commerce.dist?version=latest
com.spsoundsstudio.car.keys.lock.simulator,1.01,https://d.apkpure.com/b/APK/com.spsoundsstudio.car.keys.lock.simulator?version=latest
de.myaudi.mobile.assistant,4.16.0,https://d.apkpure.com/b/APK/de.myaudi.mobile.assistant?version=latest
com.zymbia.carpm_mechanic,2.9.4,https://d.apkpure.com/b/APK/com.zymbia.carpm_mechanic?version=latest
com.spotinc.drivermobilebetatester,2.2.1,https://d.apkpure.com/b/APK/com.spotinc.drivermobilebetatester?version=latest
com.drivingapp.licencetest,1.6.6,https://d.apkpure.com/b/APK/com.drivingapp.licencetest?version=latest
com.tmobile.drive,1.6.0 (146905),https://d.apkpure.com/b/APK/com.tmobile.drive?version=latest
com.carshield_mobile.app,1.0.9890,https://d.apkpure.com/b/APK/com.carshield_mobile.app?version=latest
com.rameenter.visionsim,3.0,https://d.apkpure.com/b/APK/com.rameenter.visionsim?version=latest
com.redfoxpro.iqcars,1.9.22,https://d.apkpure.com/b/APK/com.redfoxpro.iqcars?version=latest
com.edmunds,11.25.102690,https://d.apkpure.com/b/APK/com.edmunds?version=latest
com.bsro.tp,5.1.1,https://d.apkpure.com/b/APK/com.bsro.tp?version=latest
com.appspot.swisscodemonkeys.bald,3.0,https://d.apkpure.com/b/APK/com.appspot.swisscodemonkeys.bald?version=latest
com.autolauncher.motorcar.free,3.3.1.57,https://d.apkpure.com/b/APK/com.autolauncher.motorcar.free?version=latest
com.copilot.app.release,1.1.13,https://d.apkpure.com/b/APK/com.copilot.app.release?version=latest
com.paybyphone,5.6.0.94,https://d.apkpure.com/b/APK/com.paybyphone?version=latest
com.oreillyauto.fco.vinscan,2.2.0-31,https://d.apkpure.com/b/APK/com.oreillyauto.fco.vinscan?version=latest
com.autolist.autolist,12.6.0,https://d.apkpure.com/b/APK/com.autolist.autolist?version=latest
com.truecar.mobile.android.consumer,16.0.5,https://d.apkpure.com/b/APK/com.truecar.mobile.android.consumer?version=latest
dto.ee.dmv.genius,5.5,https://d.apkpure.com/b/APK/dto.ee.dmv.genius?version=latest
com.google.android.projection.gearhead,Varies with device,https://d.apkpure.com/b/APK/com.google.android.projection.gearhead?version=latest
com.carpart.classic,2.13.001,https://d.apkpure.com/b/APK/com.carpart.classic?version=latest
com.nationwide.sr,nwsmart-v3.3.0.0-20274-g899a257-prod,https://d.apkpure.com/b/APK/com.nationwide.sr?version=latest
com.zhystudio.DevanHafezSheraziFarsi,1.2.4,https://d.apkpure.com/b/APK/com.zhystudio.DevanHafezSheraziFarsi?version=latest
com.obdautodoctor,Varies with device,https://d.apkpure.com/b/APK/com.obdautodoctor?version=latest
com.carfax.consumer,5.3.4,https://d.apkpure.com/b/APK/com.carfax.consumer?version=latest
com.DMV.DMV,1.1.2,https://d.apkpure.com/b/APK/com.DMV.DMV?version=latest
com.peace.Speedometer,1.1.2,https://d.apkpure.com/b/APK/com.peace.Speedometer?version=latest
com.garmin.android.driveapp.dezl,2.04.11 (2022-12-15 09:34:54),https://d.apkpure.com/b/APK/com.garmin.android.driveapp.dezl?version=latest
com.endurance.protect,1.0.4,https://d.apkpure.com/b/APK/com.endurance.protect?version=latest
group.flowbird.mpp,2.21,https://d.apkpure.com/b/APK/group.flowbird.mpp?version=latest
com.innova.rs2,2.0.6,https://d.apkpure.com/b/APK/com.innova.rs2?version=latest
com.dontdrivedirty.myqq.twa,1.0.0.0,https://d.apkpure.com/b/APK/com.dontdrivedirty.myqq.twa?version=latest
com.driveus.dmvapp,23,https://d.apkpure.com/b/APK/com.driveus.dmvapp?version=latest
net.wavis.laserappraiser,3.1.5,https://d.apkpure.com/b/APK/net.wavis.laserappraiser?version=latest
com.link.autolink,2.0.43,https://d.apkpure.com/b/APK/com.link.autolink?version=latest
com.lkqcorp.MobileGarage,1.6.0.0,https://d.apkpure.com/b/APK/com.lkqcorp.MobileGarage?version=latest
com.carfax.mycarfax,3.26.0,https://d.apkpure.com/b/APK/com.carfax.mycarfax?version=latest
com.ezfill.app,3.1.7,https://d.apkpure.com/b/APK/com.ezfill.app?version=latest
com.gpshopper.discounttire,3.1.10,https://d.apkpure.com/b/APK/com.gpshopper.discounttire?version=latest
com.hyundaiusa.hyundai.digitalcarkey,1.0.25.1,https://d.apkpure.com/b/APK/com.hyundaiusa.hyundai.digitalcarkey?version=latest
com.mitsubishimotors.mymitsubishiconnect,v2.52.15,https://d.apkpure.com/b/APK/com.mitsubishimotors.mymitsubishiconnect?version=latest
com.autozone.mobile,23.4,https://d.apkpure.com/b/APK/com.autozone.mobile?version=latest
com.driversnote.driversnote,4.9.4,https://d.apkpure.com/b/APK/com.driversnote.driversnote?version=latest
com.zenthek.autozen,4.2.1344,https://d.apkpure.com/b/APK/com.zenthek.autozen?version=latest
com.ovz.carscanner,1.98.0,https://d.apkpure.com/b/APK/com.ovz.carscanner?version=latest
com.iseecars.android.app,1.86.5,https://d.apkpure.com/b/APK/com.iseecars.android.app?version=latest
com.arity.routereport,3.3.2,https://d.apkpure.com/b/APK/com.arity.routereport?version=latest
com.kajda.fuelio,Varies with device,https://d.apkpure.com/b/APK/com.kajda.fuelio?version=latest
com.sunoco.sunoco,3.1.3,https://d.apkpure.com/b/APK/com.sunoco.sunoco?version=latest
com.keyconnect.android,1.4,https://d.apkpure.com/b/APK/com.keyconnect.android?version=latest
com.drivetime.MobileOnline,2.0.8596212,https://d.apkpure.com/b/APK/com.drivetime.MobileOnline?version=latest
com.nissan.mynissan,4.0.5,https://d.apkpure.com/b/APK/com.nissan.mynissan?version=latest
com.garmin.android.apps.gecko,4.22.14 (2023-04-05 16:00:49),https://d.apkpure.com/b/APK/com.garmin.android.apps.gecko?version=latest
com.kalvlad.car,2,https://d.apkpure.com/b/APK/com.kalvlad.car?version=latest
com.capitalone.autonavigator,1.17.8,https://d.apkpure.com/b/APK/com.capitalone.autonavigator?version=latest
com.shell.sitibv.motorist.america,6.1.0,https://d.apkpure.com/b/APK/com.shell.sitibv.motorist.america?version=latest
gov.nhtsa.safercar2,1.4.0,https://d.apkpure.com/b/APK/gov.nhtsa.safercar2?version=latest
app.aawireless,3.21.0,https://d.apkpure.com/b/APK/app.aawireless?version=latest
com.cars.android,9.6.0.7555,https://d.apkpure.com/b/APK/com.cars.android?version=latest
com.manheim.mobile.refresh,1.2.71,https://d.apkpure.com/b/APK/com.manheim.mobile.refresh?version=latest
com.gridwise.app,3.28.2,https://d.apkpure.com/b/APK/com.gridwise.app?version=latest
com.marklyn.alpenaauto,6.3.0,https://d.apkpure.com/b/APK/com.marklyn.alpenaauto?version=latest
com.stuzo.texaco,Varies with device,https://d.apkpure.com/b/APK/com.stuzo.texaco?version=latest
com.caradvise.caradvise,2.9.0,https://d.apkpure.com/b/APK/com.caradvise.caradvise?version=latest
com.vehicle.rto.vahan.status.information.register,12.08,https://d.apkpure.com/b/APK/com.vehicle.rto.vahan.status.information.register?version=latest
com.vroom.app.android,vroom-andr-v3.3.11,https://d.apkpure.com/b/APK/com.vroom.app.android?version=latest
dto.ee.cdl.genius,5.5,https://d.apkpure.com/b/APK/dto.ee.cdl.genius?version=latest
com.boatsgroup.boattrader,1.23.10,https://d.apkpure.com/b/APK/com.boatsgroup.boattrader?version=latest
com.mtsdealersolutions.vindecoded,Varies with device,https://d.apkpure.com/b/APK/com.mtsdealersolutions.vindecoded?version=latest
com.technologypartnerspr.autoexpreso,1.0.30,https://d.apkpure.com/b/APK/com.technologypartnerspr.autoexpreso?version=latest
altergames.carlauncher,3.1.1,https://d.apkpure.com/b/APK/altergames.carlauncher?version=latest
com.bsro.fcac,5.1.1,https://d.apkpure.com/b/APK/com.bsro.fcac?version=latest
com.AutoRepairInvoice,10400.0.0,https://d.apkpure.com/b/APK/com.AutoRepairInvoice?version=latest
com.ebay.motorsapp,2.80.0,https://d.apkpure.com/b/APK/com.ebay.motorsapp?version=latest
com.stuzo.chevron,Varies with device,https://d.apkpure.com/b/APK/com.stuzo.chevron?version=latest
com.taxsee.taxsee,Varies with device,https://d.apkpure.com/b/APK/com.taxsee.taxsee?version=latest
com.helge.droiddashcam,1.0.177,https://d.apkpure.com/b/APK/com.helge.droiddashcam?version=latest
com.amp.hurricane,5.0.1281,https://d.apkpure.com/b/APK/com.amp.hurricane?version=latest
com.lemurmonitors.bluedriver,7.13.1,https://d.apkpure.com/b/APK/com.lemurmonitors.bluedriver?version=latest
