com.glossgenius.GlossGeniusSaaS,5.39.0,https://d.apkpure.com/b/APK/com.glossgenius.GlossGeniusSaaS?version=latest
com.piupiuapps.hairstyles,1.24.1.2,https://d.apkpure.com/b/APK/com.piupiuapps.hairstyles?version=latest
net.booksy.customer,2.8.0_345,https://d.apkpure.com/b/APK/net.booksy.customer?version=latest
hairstyles.hairstylesstepbystep.schoolhairstyles.hairstyle2.hairstylesgirls.hairstylestepbystep.hairstyle,2.2.8,https://d.apkpure.com/b/APK/hairstyles.hairstylesstepbystep.schoolhairstyles.hairstyle2.hairstylesgirls.hairstylestepbystep.hairstyle?version=latest
xyz.sindan.facescore,1.4.7,https://d.apkpure.com/b/APK/xyz.sindan.facescore?version=latest
selfiecamera.beauty.filter.beautycam.youbeautymakeup,1.6,https://d.apkpure.com/b/APK/selfiecamera.beauty.filter.beautycam.youbeautymakeup?version=latest
mirrorapp.lightmirror.beautymirror.makeupmirror,1.01.24.1229,https://d.apkpure.com/b/APK/mirrorapp.lightmirror.beautymirror.makeupmirror?version=latest
com.cosmoprofbeauty.shop,1.8.0,https://d.apkpure.com/b/APK/com.cosmoprofbeauty.shop?version=latest
faceyogaexercise.faceapp.skincareroutine.losefacefat.faceyogaworkout,1.34,https://d.apkpure.com/b/APK/faceyogaexercise.faceapp.skincareroutine.losefacefat.faceyogaworkout?version=latest
photo.smile.red.eyes.changer.color,2.9.1.4,https://d.apkpure.com/b/APK/photo.smile.red.eyes.changer.color?version=latest
com.appixel.pretty.makeup.camera,1.0.13,https://d.apkpure.com/b/APK/com.appixel.pretty.makeup.camera?version=latest
com.lashify.app,2.0.13,https://d.apkpure.com/b/APK/com.lashify.app?version=latest
com.fragrantica.www.twa,1,https://d.apkpure.com/b/APK/com.fragrantica.www.twa?version=latest
com.studio360apps.mirror,1.3.7,https://d.apkpure.com/b/APK/com.studio360apps.mirror?version=latest
com.studio.aone.girlshairstyle.hairstylestepbystep,1.0.2,https://d.apkpure.com/b/APK/com.studio.aone.girlshairstyle.hairstylestepbystep?version=latest
com.marykay.beauty,3.0.0,https://d.apkpure.com/b/APK/com.marykay.beauty?version=latest
com.htwig.luvmehair,3.0.1,https://d.apkpure.com/b/APK/com.htwig.luvmehair?version=latest
com.floyds.guestapp,16.5.5,https://d.apkpure.com/b/APK/com.floyds.guestapp?version=latest
com.ulta,8.2.1,https://d.apkpure.com/b/APK/com.ulta?version=latest
com.perfectcorp.ycn,Varies with device,https://d.apkpure.com/b/APK/com.perfectcorp.ycn?version=latest
com.simplestudioapps.mirror,1.1.4,https://d.apkpure.com/b/APK/com.simplestudioapps.mirror?version=latest
maa.remove_video_background,1.4.1,https://d.apkpure.com/b/APK/maa.remove_video_background?version=latest
app.foryou,3.11,https://d.apkpure.com/b/APK/app.foryou?version=latest
com.affinity.my_beauty_rewards,12.1.7,https://d.apkpure.com/b/APK/com.affinity.my_beauty_rewards?version=latest
com.netigen.bestmirror,6.1.18,https://d.apkpure.com/b/APK/com.netigen.bestmirror?version=latest
women.girl.hairstyles,22,https://d.apkpure.com/b/APK/women.girl.hairstyles?version=latest
io.manneredmane.mannered_manes,1.12.0,https://d.apkpure.com/b/APK/io.manneredmane.mannered_manes?version=latest
photo.hd.video.beauty.camera,2.6.1,https://d.apkpure.com/b/APK/photo.hd.video.beauty.camera?version=latest
com.bs.brilliantseasons2,1.34,https://d.apkpure.com/b/APK/com.bs.brilliantseasons2?version=latest
com.hair_flutter,53.0.0,https://d.apkpure.com/b/APK/com.hair_flutter?version=latest
dpv.trywhiletrue.mirror,1.0.28,https://d.apkpure.com/b/APK/dpv.trywhiletrue.mirror?version=latest
com.photoeditor.filtersforpictures.frames.android,1.3.6,https://d.apkpure.com/b/APK/com.photoeditor.filtersforpictures.frames.android?version=latest
com.twoweeksapps.beautyface,1.0.8,https://d.apkpure.com/b/APK/com.twoweeksapps.beautyface?version=latest
beautyplus.selfie.camera.makeup.filter,1.5,https://d.apkpure.com/b/APK/beautyplus.selfie.camera.makeup.filter?version=latest
com.BodyEditor.FaceTune,1.2,https://d.apkpure.com/b/APK/com.BodyEditor.FaceTune?version=latest
cam.sweet.selfie.effect.camera,1.6.2,https://d.apkpure.com/b/APK/cam.sweet.selfie.effect.camera?version=latest
codingstudiopixels.vintage.camera.lomograph,5.9,https://d.apkpure.com/b/APK/codingstudiopixels.vintage.camera.lomograph?version=latest
com.ipsy.mobile.production,3.21.3,https://d.apkpure.com/b/APK/com.ipsy.mobile.production?version=latest
net.braincake.pixl.pixl,1.0.14,https://d.apkpure.com/b/APK/net.braincake.pixl.pixl?version=latest
beauty.picshop.filters.selfie,2.0.0,https://d.apkpure.com/b/APK/beauty.picshop.filters.selfie?version=latest
com.marykay.skinsight.android.flavorProd,1.4.7,https://d.apkpure.com/b/APK/com.marykay.skinsight.android.flavorProd?version=latest
air.com.rosytales.princessmermaidathairsalon,Varies with device,https://d.apkpure.com/b/APK/air.com.rosytales.princessmermaidathairsalon?version=latest
com.sallybeauty.shop,5.10.0,https://d.apkpure.com/b/APK/com.sallybeauty.shop?version=latest
com.nerovero.beautycalculator,5.3.1,https://d.apkpure.com/b/APK/com.nerovero.beautycalculator?version=latest
beautyrooom.filtersforselfie.sweet.face.camera.selfies,1.9.3,https://d.apkpure.com/b/APK/beautyrooom.filtersforselfie.sweet.face.camera.selfies?version=latest
maa.video_background_remover,3.3.0,https://d.apkpure.com/b/APK/maa.video_background_remover?version=latest
com.apstech.howolddoyoulooklike.app,6.0.21,https://d.apkpure.com/b/APK/com.apstech.howolddoyoulooklike.app?version=latest
net.booksy.business,3.8.3_549,https://d.apkpure.com/b/APK/net.booksy.business?version=latest
com.derekentringer.bigfartbutton,7.0.1,https://d.apkpure.com/b/APK/com.derekentringer.bigfartbutton?version=latest
com.photo.beauty.plus.filters.pictures,1.4.0,https://d.apkpure.com/b/APK/com.photo.beauty.plus.filters.pictures?version=latest
com.lomographic.vintage.camera.filters,16.1.205,https://d.apkpure.com/b/APK/com.lomographic.vintage.camera.filters?version=latest
makeup.app.artist.tips.tutorial,3.0.262,https://d.apkpure.com/b/APK/makeup.app.artist.tips.tutorial?version=latest
com.app.pureple,24,https://d.apkpure.com/b/APK/com.app.pureple?version=latest
com.arcsoft.perfect365,9.29.17,https://d.apkpure.com/b/APK/com.arcsoft.perfect365?version=latest
beauty.skin.care.app,3.0.255,https://d.apkpure.com/b/APK/beauty.skin.care.app?version=latest
com.lyrebirdstudio.beauty,1.7.9,https://d.apkpure.com/b/APK/com.lyrebirdstudio.beauty?version=latest
beauty.picshop.sweet.live.filter.cat.face.camera,2.0.1,https://d.apkpure.com/b/APK/beauty.picshop.sweet.live.filter.cat.face.camera?version=latest
com.foreo.foreoapp,3.5.9,https://d.apkpure.com/b/APK/com.foreo.foreoapp?version=latest
com.sportscardinvestor.scour,1.1.155,https://d.apkpure.com/b/APK/com.sportscardinvestor.scour?version=latest
com.stylekorean.www,1.0.7,https://d.apkpure.com/b/APK/com.stylekorean.www?version=latest
nueve.play,9.8,https://d.apkpure.com/b/APK/nueve.play?version=latest
haircolour.hairstyle.photoeditor.haircolorchanger,1.0.7,https://d.apkpure.com/b/APK/haircolour.hairstyle.photoeditor.haircolorchanger?version=latest
sweet.beauty.cam.toanhmsg,1.0.1,https://d.apkpure.com/b/APK/sweet.beauty.cam.toanhmsg?version=latest
com.lajeuneandassociatesllc.barberchopdev,5.4.34,https://d.apkpure.com/b/APK/com.lajeuneandassociatesllc.barberchopdev?version=latest
air.com.winkypinky.dressuproyalprincessdoll,Varies with device,https://d.apkpure.com/b/APK/air.com.winkypinky.dressuproyalprincessdoll?version=latest
com.gamegos.mobile.cafeland,2.3.4,https://d.apkpure.com/b/APK/com.gamegos.mobile.cafeland?version=latest
com.robloxmodhead.sirenrblx,55.0,https://d.apkpure.com/b/APK/com.robloxmodhead.sirenrblx?version=latest
com.mirrorapp.magnifier.camera.mirror.mirrorcam.editor,8.9,https://d.apkpure.com/b/APK/com.mirrorapp.magnifier.camera.mirror.mirrorcam.editor?version=latest
com.genius.unicorn.girls.games.Wedding.Brides.Beauty.Makeup.DressUp,1.0,https://d.apkpure.com/b/APK/com.genius.unicorn.girls.games.Wedding.Brides.Beauty.Makeup.DressUp?version=latest
com.styleseat.promobile,101.1.0,https://d.apkpure.com/b/APK/com.styleseat.promobile?version=latest
com.tj.dslrprofessional.hdcamera,6.7.4,https://d.apkpure.com/b/APK/com.tj.dslrprofessional.hdcamera?version=latest
mmapps.mirror.free,4.2.2,https://d.apkpure.com/b/APK/mmapps.mirror.free?version=latest
com.sephora,23.6.1,https://d.apkpure.com/b/APK/com.sephora?version=latest
photoeditor.haircolorideas.haircolorchanger.hairstyles,9.0,https://d.apkpure.com/b/APK/photoeditor.haircolorideas.haircolorchanger.hairstyles?version=latest
com.colorwise.me.allseasons,7.0.86,https://d.apkpure.com/b/APK/com.colorwise.me.allseasons?version=latest
com.Fashion.Nail.Salon.Game.Manicure.And.Pedicure.App.Vex,3.0.6,https://d.apkpure.com/b/APK/com.Fashion.Nail.Salon.Game.Manicure.And.Pedicure.App.Vex?version=latest
maa.greenscreen_effect.background_changer,4.2.3a,https://d.apkpure.com/b/APK/maa.greenscreen_effect.background_changer?version=latest
beat.photoretouch.beautycamera.photoeditor,1.1.3,https://d.apkpure.com/b/APK/beat.photoretouch.beautycamera.photoeditor?version=latest
com.chamsDohaLtd.Tools.Zakhrafa,zakhrafa-arabic,https://d.apkpure.com/b/APK/com.chamsDohaLtd.Tools.Zakhrafa?version=latest
com.andromo.dev759880.app845507,1.9.9,https://d.apkpure.com/b/APK/com.andromo.dev759880.app845507?version=latest
com.trendiolive.app,1.23.0,https://d.apkpure.com/b/APK/com.trendiolive.app?version=latest
com.bestsocialdiary.photopolish.pro,1.5,https://d.apkpure.com/b/APK/com.bestsocialdiary.photopolish.pro?version=latest
best.beard.photo.editor,1.4,https://d.apkpure.com/b/APK/best.beard.photo.editor?version=latest
com.standysoftware.colorstyle,1.6.0,https://d.apkpure.com/b/APK/com.standysoftware.colorstyle?version=latest
com.Filterfor.Selfie,1.2,https://d.apkpure.com/b/APK/com.Filterfor.Selfie?version=latest
com.mayurpanki.beautplucam,12.0,https://d.apkpure.com/b/APK/com.mayurpanki.beautplucam?version=latest
com.nabilsoft.daily_hairstyles_for_girls,1.4,https://d.apkpure.com/b/APK/com.nabilsoft.daily_hairstyles_for_girls?version=latest
com.photoeditor.layout.collagemaker.photocollage.photogrid.piccollage,1.0.6,https://d.apkpure.com/b/APK/com.photoeditor.layout.collagemaker.photocollage.photogrid.piccollage?version=latest
com.astralwire.photo.editor.makeup.camera,1.7.17,https://d.apkpure.com/b/APK/com.astralwire.photo.editor.makeup.camera?version=latest
best.photo.app.mermaid,Varies with device,https://d.apkpure.com/b/APK/best.photo.app.mermaid?version=latest
com.peace.Mirror,1.1.0,https://d.apkpure.com/b/APK/com.peace.Mirror?version=latest
hairstyle.colorChanger.haircut_salon,6.0.0,https://d.apkpure.com/b/APK/hairstyle.colorChanger.haircut_salon?version=latest
com.ophotovideoapps.facenhancer,1.10,https://d.apkpure.com/b/APK/com.ophotovideoapps.facenhancer?version=latest
com.getskinbliss.skinbliss,4.5.3,https://d.apkpure.com/b/APK/com.getskinbliss.skinbliss?version=latest
com.perfectcorp.amb,Varies with device,https://d.apkpure.com/b/APK/com.perfectcorp.amb?version=latest
com.shortcutssoftware.mysalon.cookiecutters,7.39.17473,https://d.apkpure.com/b/APK/com.shortcutssoftware.mysalon.cookiecutters?version=latest
com.fresha.Business,2.8.764,https://d.apkpure.com/b/APK/com.fresha.Business?version=latest
shorthair.women.hairstyles.ideas,1.1,https://d.apkpure.com/b/APK/shorthair.women.hairstyles.ideas?version=latest
com.rstream.hairstyles,3.0.230,https://d.apkpure.com/b/APK/com.rstream.hairstyles?version=latest
com.scentbird,3.11.0,https://d.apkpure.com/b/APK/com.scentbird?version=latest
com.fresha.Fresha,2.8.682,https://d.apkpure.com/b/APK/com.fresha.Fresha?version=latest
kynguyen.app.mirror,2023.04.16,https://d.apkpure.com/b/APK/kynguyen.app.mirror?version=latest
com.smartsoftasia.perfume,4.0.56,https://d.apkpure.com/b/APK/com.smartsoftasia.perfume?version=latest
