com.microsoft.teams,1416/1.0.0.2023072702,https://d.apkpure.com/b/APK/com.microsoft.teams?version=latest
com.crewapp.android.crew,8.6.2,https://d.apkpure.com/b/APK/com.crewapp.android.crew?version=latest
com.staplesconnect.app.twa,1.22.5,https://d.apkpure.com/b/APK/com.staplesconnect.app.twa?version=latest
com.jobtoday.app,2.50.0,https://d.apkpure.com/b/APK/com.jobtoday.app?version=latest
com.reportallusa.landglide,4.5.2,https://d.apkpure.com/b/APK/com.reportallusa.landglide?version=latest
com.bg.flyermaker,93.0,https://d.apkpure.com/b/APK/com.bg.flyermaker?version=latest
com.invoice2go.invoice2goplus,11.89.0,https://d.apkpure.com/b/APK/com.invoice2go.invoice2goplus?version=latest
com.facebook.adsmanager,325.0.0.29.112,https://d.apkpure.com/b/APK/com.facebook.adsmanager?version=latest
com.shiftmed.caregiverapp,1.6.0,https://d.apkpure.com/b/APK/com.shiftmed.caregiverapp?version=latest
com.whova.event,8.9.0,https://d.apkpure.com/b/APK/com.whova.event?version=latest
com.rabbl.blinq,1.5.14,https://d.apkpure.com/b/APK/com.rabbl.blinq?version=latest
com.Slack,23.04.30.0,https://d.apkpure.com/b/APK/com.Slack?version=latest
com.sevenshifts.android,2023.16.0,https://d.apkpure.com/b/APK/com.sevenshifts.android?version=latest
com.kdanmobile.android.pdfreader.google.pad,Varies with device,https://d.apkpure.com/b/APK/com.kdanmobile.android.pdfreader.google.pad?version=latest
com.google.android.apps.dynamite,Varies with device,https://d.apkpure.com/b/APK/com.google.android.apps.dynamite?version=latest
com.dayforce.mobile,2023.1.2,https://d.apkpure.com/b/APK/com.dayforce.mobile?version=latest
com.mfaxfree.app,1.4.9,https://d.apkpure.com/b/APK/com.mfaxfree.app?version=latest
com.pgac.general.droid,3.7.8,https://d.apkpure.com/b/APK/com.pgac.general.droid?version=latest
com.translate.all.language.translator.dictionary.voice.translation,1.0.25,https://d.apkpure.com/b/APK/com.translate.all.language.translator.dictionary.voice.translation?version=latest
com.winamic.stimulus.check.fourth.third.irs,1.0.8,https://d.apkpure.com/b/APK/com.winamic.stimulus.check.fourth.third.irs?version=latest
net.itx.paychex,7.34.0,https://d.apkpure.com/b/APK/net.itx.paychex?version=latest
com.instaworkmobile,2.193.0,https://d.apkpure.com/b/APK/com.instaworkmobile?version=latest
com.paylocity.paylocitymobile,23.3.273,https://d.apkpure.com/b/APK/com.paylocity.paylocitymobile?version=latest
com.amazon.sellermobile.android,8.8.0,https://d.apkpure.com/b/APK/com.amazon.sellermobile.android?version=latest
com.dotloop.mobile,Varies with device,https://d.apkpure.com/b/APK/com.dotloop.mobile?version=latest
com.recovermessages.restoredeletedtext.recoverdata,1.1.2,https://d.apkpure.com/b/APK/com.recovermessages.restoredeletedtext.recoverdata?version=latest
com.cisco.webex.meetings,Varies with device,https://d.apkpure.com/b/APK/com.cisco.webex.meetings?version=latest
com.azure.authenticator,6.2303.2086,https://d.apkpure.com/b/APK/com.azure.authenticator?version=latest
com.linkedin.android,4.1.810,https://d.apkpure.com/b/APK/com.linkedin.android?version=latest
org.intoorbit.spectrum,1.1.2,https://d.apkpure.com/b/APK/org.intoorbit.spectrum?version=latest
com.facebook.work,410.0.0.26.115,https://d.apkpure.com/b/APK/com.facebook.work?version=latest
com.fiverr.fiverr,Varies with device,https://d.apkpure.com/b/APK/com.fiverr.fiverr?version=latest
gov.dhs.cbp.cbpone,2.45.0,https://d.apkpure.com/b/APK/gov.dhs.cbp.cbpone?version=latest
com.kronos.dimensions.enterprise,2.07.00.0027,https://d.apkpure.com/b/APK/com.kronos.dimensions.enterprise?version=latest
com.shopify.mobile,9.107.0,https://d.apkpure.com/b/APK/com.shopify.mobile?version=latest
com.himssevents.events,1.0,https://d.apkpure.com/b/APK/com.himssevents.events?version=latest
com.etsy.android.soe,Varies with device,https://d.apkpure.com/b/APK/com.etsy.android.soe?version=latest
com.doordash.driverapp,7.17.8,https://d.apkpure.com/b/APK/com.doordash.driverapp?version=latest
com.paypal.merchant.client,2023.04.13,https://d.apkpure.com/b/APK/com.paypal.merchant.client?version=latest
com.logmein.gotowebinar,3.13.8,https://d.apkpure.com/b/APK/com.logmein.gotowebinar?version=latest
us.zoom.zrc,5.14.2,https://d.apkpure.com/b/APK/us.zoom.zrc?version=latest
com.amazon.atozm,4.0.21666.0,https://d.apkpure.com/b/APK/com.amazon.atozm?version=latest
com.google.android.apps.meetings,Varies with device,https://d.apkpure.com/b/APK/com.google.android.apps.meetings?version=latest
com.joinhomebase.homebase.homebase,4.14,https://d.apkpure.com/b/APK/com.joinhomebase.homebase.homebase?version=latest
com.swipejobs.jobstack.worker,14.9.3,https://d.apkpure.com/b/APK/com.swipejobs.jobstack.worker?version=latest
com.kronos.workforceready,1.86.4,https://d.apkpure.com/b/APK/com.kronos.workforceready?version=latest
com.shiftsmart.workerapp,7.0.0,https://d.apkpure.com/b/APK/com.shiftsmart.workerapp?version=latest
com.xpo.DriveXPO,2.79,https://d.apkpure.com/b/APK/com.xpo.DriveXPO?version=latest
pdf.tap.scanner,2.8.11,https://d.apkpure.com/b/APK/pdf.tap.scanner?version=latest
com.ups.mobile.android,9.10.1.1,https://d.apkpure.com/b/APK/com.ups.mobile.android?version=latest
com.offs.stimulus.check.gas.info,1.0.5,https://d.apkpure.com/b/APK/com.offs.stimulus.check.gas.info?version=latest
com.glip.mobile,23.1.37.18879,https://d.apkpure.com/b/APK/com.glip.mobile?version=latest
com.cisco.wx2.android,43.4.0.185,https://d.apkpure.com/b/APK/com.cisco.wx2.android?version=latest
com.steady.steadyapp.com,5.90.0,https://d.apkpure.com/b/APK/com.steady.steadyapp.com?version=latest
com.intuit.quickbooks,27.48.0+1,https://d.apkpure.com/b/APK/com.intuit.quickbooks?version=latest
com.snagajob.jobseeker,7.0.5,https://d.apkpure.com/b/APK/com.snagajob.jobseeker?version=latest
com.walmart.squiggly,1.9.10,https://d.apkpure.com/b/APK/com.walmart.squiggly?version=latest
com.indeed.android.jobsearch,148.0,https://d.apkpure.com/b/APK/com.indeed.android.jobsearch?version=latest
com.mobapps.scanner,1.4.1,https://d.apkpure.com/b/APK/com.mobapps.scanner?version=latest
com.tmobile.techphd,3.304.0,https://d.apkpure.com/b/APK/com.tmobile.techphd?version=latest
com.bpmobile.iscanner.free,5.4.1,https://d.apkpure.com/b/APK/com.bpmobile.iscanner.free?version=latest
com.shipt.shopper,4.60.0,https://d.apkpure.com/b/APK/com.shipt.shopper?version=latest
com.fedex.ida.android,9.4.1,https://d.apkpure.com/b/APK/com.fedex.ida.android?version=latest
com.walmart.sparkdriver,3.21.0,https://d.apkpure.com/b/APK/com.walmart.sparkdriver?version=latest
com.adp.e,3.2.41,https://d.apkpure.com/b/APK/com.adp.e?version=latest
com.google.android.apps.adwords,2.53.523482697,https://d.apkpure.com/b/APK/com.google.android.apps.adwords?version=latest
com.fishbowlmedia.fishbowl,6.26.0,https://d.apkpure.com/b/APK/com.fishbowlmedia.fishbowl?version=latest
crowdedroad.iFax,11.16,https://d.apkpure.com/b/APK/crowdedroad.iFax?version=latest
com.connecteamco.Connecteam.app,8.3.8,https://d.apkpure.com/b/APK/com.connecteamco.Connecteam.app?version=latest
com.hcmtogo.workforceready,1.86.4,https://d.apkpure.com/b/APK/com.hcmtogo.workforceready?version=latest
com.ubercab.driver,4.417.10001,https://d.apkpure.com/b/APK/com.ubercab.driver?version=latest
com.adpmobile.android,10.2.1,https://d.apkpure.com/b/APK/com.adpmobile.android?version=latest
com.tasmanic.camtoplanfree,4.1.7,https://d.apkpure.com/b/APK/com.tasmanic.camtoplanfree?version=latest
com.microsoft.rdc.androidx,10.0.15.1208,https://d.apkpure.com/b/APK/com.microsoft.rdc.androidx?version=latest
com.airwatch.androidagent,23.03.0.25,https://d.apkpure.com/b/APK/com.airwatch.androidagent?version=latest
com.language.translator.golingo.memriselingo.translation.translateall,1.0.43,https://d.apkpure.com/b/APK/com.language.translator.golingo.memriselingo.translation.translateall?version=latest
com.squareup,Varies with device,https://d.apkpure.com/b/APK/com.squareup?version=latest
com.upwork.android.apps.main,1.49.1,https://d.apkpure.com/b/APK/com.upwork.android.apps.main?version=latest
com.salesforce.authenticator,3.12.0,https://d.apkpure.com/b/APK/com.salesforce.authenticator?version=latest
com.alightsolutions.benefitscenter,4.1.0,https://d.apkpure.com/b/APK/com.alightsolutions.benefitscenter?version=latest
com.facebook.pages.app,402.0.0.28.112,https://d.apkpure.com/b/APK/com.facebook.pages.app?version=latest
com.logmein.rescuemobile,8.1.7-171,https://d.apkpure.com/b/APK/com.logmein.rescuemobile?version=latest
com.mobisystems.office,13.8.46815,https://d.apkpure.com/b/APK/com.mobisystems.office?version=latest
com.thegrizzlylabs.geniusscan.free,7.4.0,https://d.apkpure.com/b/APK/com.thegrizzlylabs.geniusscan.free?version=latest
com.glassdoor.app,Varies with device,https://d.apkpure.com/b/APK/com.glassdoor.app?version=latest
com.juvo360.app,3.0.0,https://d.apkpure.com/b/APK/com.juvo360.app?version=latest
com.yelp.android.biz,23.15.0-26231512,https://d.apkpure.com/b/APK/com.yelp.android.biz?version=latest
us.zoom.videomeetings,5.14.5.13340,https://d.apkpure.com/b/APK/us.zoom.videomeetings?version=latest
com.play.well.earn.reward.free.income.cash.win.real.money,3.4.7,https://d.apkpure.com/b/APK/com.play.well.earn.reward.free.income.cash.win.real.money?version=latest
com.paycor.perform,5.1.20,https://d.apkpure.com/b/APK/com.paycor.perform?version=latest
com.publicstorage.officialapp,1.0.19,https://d.apkpure.com/b/APK/com.publicstorage.officialapp?version=latest
com.grubhub.driver,4.59,https://d.apkpure.com/b/APK/com.grubhub.driver?version=latest
com.ziprecruiter.android.release,23.4.2,https://d.apkpure.com/b/APK/com.ziprecruiter.android.release?version=latest
com.lyft.android.driver,1005.2.3.1681280030,https://d.apkpure.com/b/APK/com.lyft.android.driver?version=latest
com.languagetranslator.translatorapp.smartscanner.dictionary.translation.voicetranslator,2.3,https://d.apkpure.com/b/APK/com.languagetranslator.translatorapp.smartscanner.dictionary.translation.voicetranslator?version=latest
com.concur.breeze,9.111.0,https://d.apkpure.com/b/APK/com.concur.breeze?version=latest
com.jobget,5.67.0,https://d.apkpure.com/b/APK/com.jobget?version=latest
com.etsy.butter.sell_on_etsy,1.40.1,https://d.apkpure.com/b/APK/com.etsy.butter.sell_on_etsy?version=latest
com.staffdna.prod,4.11,https://d.apkpure.com/b/APK/com.staffdna.prod?version=latest
com.workday.workdroidapp,2023.12.245.116248,https://d.apkpure.com/b/APK/com.workday.workdroidapp?version=latest
com.thisclicks.wiw,Varies with device,https://d.apkpure.com/b/APK/com.thisclicks.wiw?version=latest
com.adobe.scan.android,23.03.09-regular,https://d.apkpure.com/b/APK/com.adobe.scan.android?version=latest
