com.futuremoments.audiomaster,AudioMaster: Audio Mastering,1.20.1,https://d.apkpure.com/b/APK/com.futuremoments.audiomaster?version=latest
com.meetcleo.cleo,Cleo: Budget & Cash Advance,1.211.0,https://d.apkpure.com/b/APK/com.meetcleo.cleo?version=latest
com.xerox.epc.way2go,Go Program Way2Go Card,3.0.0,https://d.apkpure.com/b/APK/com.xerox.epc.way2go?version=latest
com.truist.mobile,Truist Mobile,2.4.0,https://d.apkpure.com/b/APK/com.truist.mobile?version=latest
de.empfohlen,testerup - earn money,1.9.81,https://d.apkpure.com/b/APK/de.empfohlen?version=latest
com.wallet.crypto.trustapp,Trust: Crypto & Bitcoin Wallet,7.16.2,https://d.apkpure.com/b/APK/com.wallet.crypto.trustapp?version=latest
io.floatme.floatmeapp,FloatMe: Get Paid Early,6.6.0,https://d.apkpure.com/b/APK/io.floatme.floatmeapp?version=latest
com.americanexpress.android.acctsvcs.us,Amex,6.63.0,https://d.apkpure.com/b/APK/com.americanexpress.android.acctsvcs.us?version=latest
io.metamask,MetaMask - Blockchain Wallet,6.3.0,https://d.apkpure.com/b/APK/io.metamask?version=latest
com.fidelity.android,Fidelity Investments,3.82,https://d.apkpure.com/b/APK/com.fidelity.android?version=latest
com.fidelity.wi.activity,NetBenefits - Fidelity at Work,4.1.0,https://d.apkpure.com/b/APK/com.fidelity.wi.activity?version=latest
com.intuit.qbse,QuickBooks Self-Employed,7.52.0,https://d.apkpure.com/b/APK/com.intuit.qbse?version=latest
com.hrblock.AtHome,H&R Block Tax Prep,12.4.1,https://d.apkpure.com/b/APK/com.hrblock.AtHome?version=latest
com.tdbank,TD Bank (US),8.22.2.36,https://d.apkpure.com/b/APK/com.tdbank?version=latest
gov.irs,IRS2Go,5.5.1,https://d.apkpure.com/b/APK/gov.irs?version=latest
com.lobstr.client,LOBSTR Wallet. Buy Stellar XLM,9.3.3,https://d.apkpure.com/b/APK/com.lobstr.client?version=latest
net.gtl.mobile_app,ConnectNetwork by GTL,3.9.1,https://d.apkpure.com/b/APK/net.gtl.mobile_app?version=latest
io.sunship.app,Vibrant - A Stellar Wallet,42.0,https://d.apkpure.com/b/APK/io.sunship.app?version=latest
com.activehours,EarnIn: Your Money in Advance,14.11,https://d.apkpure.com/b/APK/com.activehours?version=latest
com.geico.mobile,GEICO Mobile - Car Insurance,5.53.0,https://d.apkpure.com/b/APK/com.geico.mobile?version=latest
com.netspend.product.android,Netspend: Manage Money Online,6.4.4,https://d.apkpure.com/b/APK/com.netspend.product.android?version=latest
com.onedebit.chime,Chime – Mobile Banking,5.165.0,https://d.apkpure.com/b/APK/com.onedebit.chime?version=latest
com.tradingview.tradingviewapp,TradingView: Track All Markets,1.20.0.2.936,https://d.apkpure.com/b/APK/com.tradingview.tradingviewapp?version=latest
com.varomoney.bank,Varo Bank: Mobile Banking,3.10.0,https://d.apkpure.com/b/APK/com.varomoney.bank?version=latest
com.kraken.invest.app,Kraken - Buy Bitcoin & Crypto,1.40.0,https://d.apkpure.com/b/APK/com.kraken.invest.app?version=latest
com.meetalbert,Albert: Banking on you,6.6.1,https://d.apkpure.com/b/APK/com.meetalbert?version=latest
com.propel.ebenefits,Providers: EBT, debit, & more,5.7.0,https://d.apkpure.com/b/APK/com.propel.ebenefits?version=latest
com.venmo,Venmo,10.15.1,https://d.apkpure.com/b/APK/com.venmo?version=latest
com.bossrevolution.money.production,BOSS Money: Send Cash Fast,8.3.0,https://d.apkpure.com/b/APK/com.bossrevolution.money.production?version=latest
com.phonevalley.progressive,Progressive,3.79,https://d.apkpure.com/b/APK/com.phonevalley.progressive?version=latest
com.capitalone.credittracker,CreditWise from Capital One,1.93.0,https://d.apkpure.com/b/APK/com.capitalone.credittracker?version=latest
com.syf.cc,CareCredit Mobile,4.22.0,https://d.apkpure.com/b/APK/com.syf.cc?version=latest
com.creditsesame,Credit Sesame: Build Credit,5.70,https://d.apkpure.com/b/APK/com.creditsesame?version=latest
com.konylabs.capitalone,Capital One Mobile,5.110.7,https://d.apkpure.com/b/APK/com.konylabs.capitalone?version=latest
com.fis.ebtedge,ebtEDGE,3.7,https://d.apkpure.com/b/APK/com.fis.ebtedge?version=latest
com.allstate.view,Allstate Mobile,17.0.1,https://d.apkpure.com/b/APK/com.allstate.view?version=latest
com.syf.mysynchrony,MySynchrony,2.18,https://d.apkpure.com/b/APK/com.syf.mysynchrony?version=latest
com.rapid.rapidpay,rapid! Pay,1.0.36,https://d.apkpure.com/b/APK/com.rapid.rapidpay?version=latest
com.perpay.mobile,Perpay - Shop and Build Credit,1.8.0,https://d.apkpure.com/b/APK/com.perpay.mobile?version=latest
com.hrblock.blockmobile,MyBlock,12.0.0,https://d.apkpure.com/b/APK/com.hrblock.blockmobile?version=latest
com.infonow.bofa,Bank of America Mobile Banking,23.04.0,https://d.apkpure.com/b/APK/com.infonow.bofa?version=latest
com.experian.android,Experian,3.5.17.1,https://d.apkpure.com/b/APK/com.experian.android?version=latest
com.hellobrigit.Brigit,Brigit: Borrow & Build Credit,280.0,https://d.apkpure.com/b/APK/com.hellobrigit.Brigit?version=latest
me.greenlight,Greenlight Kids & Teen Banking,5.12.0,https://d.apkpure.com/b/APK/me.greenlight?version=latest
com.statefarm.dssm,Drive Safe & Save™,4.0.0,https://d.apkpure.com/b/APK/com.statefarm.dssm?version=latest
com.intuit.turbotax.mobile,TurboTax: File Your Tax Return,9.5.0,https://d.apkpure.com/b/APK/com.intuit.turbotax.mobile?version=latest
com.worldremit.android,WorldRemit: Money Transfer App,4.17.2.53597,https://d.apkpure.com/b/APK/com.worldremit.android?version=latest
com.google.android.apps.nbu.paisa.user,Google Pay: Save and Pay,Varies with device,https://d.apkpure.com/b/APK/com.google.android.apps.nbu.paisa.user?version=latest
com.wf.wellsfargomobile,Wells Fargo Mobile,23.03.01.9,https://d.apkpure.com/b/APK/com.wf.wellsfargomobile?version=latest
com.dave,Dave - Banking & Cash Advance,3.20.0,https://d.apkpure.com/b/APK/com.dave?version=latest
com.remitly.androidapp,Remitly: Send Money & Transfer,5.87.1,https://d.apkpure.com/b/APK/com.remitly.androidapp?version=latest
com.klovercredit.android_app,Klover - Instant Cash Advance,4.1.2,https://d.apkpure.com/b/APK/com.klovercredit.android_app?version=latest
com.creditgenie.app,Credit Genie,2.0.5,https://d.apkpure.com/b/APK/com.creditgenie.app?version=latest
com.DailyPay.DailyPay,DailyPay On-Demand Pay,10.1.0,https://d.apkpure.com/b/APK/com.DailyPay.DailyPay?version=latest
com.transferwise.android,Wise,8.6.1,https://d.apkpure.com/b/APK/com.transferwise.android?version=latest
com.acorns.android,Acorns: Save & Invest,Varies with device,https://d.apkpure.com/b/APK/com.acorns.android?version=latest
com.greendot.walmart.prepaid,Walmart MoneyCard,1.47.0,https://d.apkpure.com/b/APK/com.greendot.walmart.prepaid?version=latest
com.branchapp.uberprocard,Uber Pro Card,2023.4.3,https://d.apkpure.com/b/APK/com.branchapp.uberprocard?version=latest
com.truebill,Rocket Money - Bills & Budgets,6.13.1,https://d.apkpure.com/b/APK/com.truebill?version=latest
com.carringtonms.CMSMobile2,Carrington Mobile,1.0.3,https://d.apkpure.com/b/APK/com.carringtonms.CMSMobile2?version=latest
com.zellepay.zelle,Zelle,8.0.0,https://d.apkpure.com/b/APK/com.zellepay.zelle?version=latest
com.robinhood.android,Robinhood: Stocks & Crypto,Varies with device,https://d.apkpure.com/b/APK/com.robinhood.android?version=latest
com.moneylion,MoneyLion: Go-to Money App,7.73.0,https://d.apkpure.com/b/APK/com.moneylion?version=latest
com.brisk.jpay,JPay,23.1.2,https://d.apkpure.com/b/APK/com.brisk.jpay?version=latest
com.chase.sig.android,Chase Mobile,4.402,https://d.apkpure.com/b/APK/com.chase.sig.android?version=latest
com.westernunion.android.mtapp,Western Union Send Money App,10.9,https://d.apkpure.com/b/APK/com.westernunion.android.mtapp?version=latest
com.binance.us,Binance.US: Buy Bitcoin & ETH,2.25.2,https://d.apkpure.com/b/APK/com.binance.us?version=latest
org.toshi,Coinbase Wallet: NFTs & Crypto,28.37.0,https://d.apkpure.com/b/APK/org.toshi?version=latest
borrow.money.cash.advance.app,Borrow Money: Cash Advance App,1.0,https://d.apkpure.com/b/APK/borrow.money.cash.advance.app?version=latest
com.selflender.thor,Self - Build Credit & Savings,4.3.0,https://d.apkpure.com/b/APK/com.selflender.thor?version=latest
com.gpshopper.moneygram,MoneyGram® Money Transfers App,23.3.0,https://d.apkpure.com/b/APK/com.gpshopper.moneygram?version=latest
com.creditkarma.mobile,Credit Karma,23.15.1,https://d.apkpure.com/b/APK/com.creditkarma.mobile?version=latest
org.dayup.stocks,Webull: Investing & Trading,8.4.8.34,https://d.apkpure.com/b/APK/org.dayup.stocks?version=latest
com.squareup.cash,Cash App,Varies with device,https://d.apkpure.com/b/APK/com.squareup.cash?version=latest
com.kikoff,Kikoff - Build Credit Quickly,1.37.379,https://d.apkpure.com/b/APK/com.kikoff?version=latest
com.creditonebank.mobile,Credit One Bank Mobile,23.02.0,https://d.apkpure.com/b/APK/com.creditonebank.mobile?version=latest
com.bosch.ptmt.measrOn,MeasureOn,1.6.1,https://d.apkpure.com/b/APK/com.bosch.ptmt.measrOn?version=latest
com.greendotcorp.go2bank,GO2bank: Mobile banking,1.55.0,https://d.apkpure.com/b/APK/com.greendotcorp.go2bank?version=latest
com.sofi.mobile,SoFi: Banking & Investing,2.148.0,https://d.apkpure.com/b/APK/com.sofi.mobile?version=latest
com.payfare.doordash,DasherDirect, by Payfare,1.8.7,https://d.apkpure.com/b/APK/com.payfare.doordash?version=latest
com.participantmobileapp,Empower®,4.13 (build 4.13.31),https://d.apkpure.com/b/APK/com.participantmobileapp?version=latest
com.revolut.revolut,Revolut: Spend, Save, Trade,9.2,https://d.apkpure.com/b/APK/com.revolut.revolut?version=latest
com.paypal.android.p2pmobile,PayPal - Send, Shop, Manage,8.37.1,https://d.apkpure.com/b/APK/com.paypal.android.p2pmobile?version=latest
com.usaa.mobile.android.usaa,USAA Mobile,Varies with device,https://d.apkpure.com/b/APK/com.usaa.mobile.android.usaa?version=latest
com.coinbase.android,Coinbase: Buy Bitcoin & Ether,11.14.9,https://d.apkpure.com/b/APK/com.coinbase.android?version=latest
co.mona.android,Crypto.com Buy BTC, ETH, Shib,3.158.0,https://d.apkpure.com/b/APK/co.mona.android?version=latest
com.adp.wiselymobile,myWisely: Mobile Banking,9.1.0,https://d.apkpure.com/b/APK/com.adp.wiselymobile?version=latest
com.binance.dev,Binance: BTC, Crypto and NFTS,2.63.4,https://d.apkpure.com/b/APK/com.binance.dev?version=latest
ci.atlasearth.client,Atlas Earth - Buy Virtual Land,1.21.7,https://d.apkpure.com/b/APK/ci.atlasearth.client?version=latest
finance.empower,Empower: Instant Cash Advance.,5.74.0.526,https://d.apkpure.com/b/APK/finance.empower?version=latest
com.firstpremier.mypremiercreditcard.app,PREMIER Credit Card,3.4.0,https://d.apkpure.com/b/APK/com.firstpremier.mypremiercreditcard.app?version=latest
com.stash.stashinvest,Stash: Investing made easy,2.0.61.2,https://d.apkpure.com/b/APK/com.stash.stashinvest?version=latest
com.google.android.apps.walletnfcrel,Google Wallet,Varies with device,https://d.apkpure.com/b/APK/com.google.android.apps.walletnfcrel?version=latest
com.getcopper.copper,Copper - Kids & Teen Banking,4.9.0,https://d.apkpure.com/b/APK/com.getcopper.copper?version=latest
com.navyfederal.android,Navy Federal Credit Union,6.22.0,https://d.apkpure.com/b/APK/com.navyfederal.android?version=latest
com.cardinalcommerce.greendot,Green Dot - Mobile Banking,4.57.0,https://d.apkpure.com/b/APK/com.cardinalcommerce.greendot?version=latest
digit.android,Oportun - formerly Digit,4.55.0,https://d.apkpure.com/b/APK/digit.android?version=latest
com.avaxwallet,Core | Crypto Wallet & NFTs,0.13.4,https://d.apkpure.com/b/APK/com.avaxwallet?version=latest
com.step.step,Step - Next Gen Banking,2.3.149,https://d.apkpure.com/b/APK/com.step.step?version=latest
com.payday_advance,Payday Advance & Online Loans,1.0.1,https://d.apkpure.com/b/APK/com.payday_advance?version=latest
com.mobilecreditcards,NerdWallet: Manage Your Money,10.19.0,https://d.apkpure.com/b/APK/com.mobilecreditcards?version=latest
com.woodforest,Woodforest Mobile Banking,23.01.240,https://d.apkpure.com/b/APK/com.woodforest?version=latest
com.netspend.mobileapp.skylight,Netspend Skylight ONE,6.4.2,https://d.apkpure.com/b/APK/com.netspend.mobileapp.skylight?version=latest
com.uphold.wallet,Uphold: Buy Bitcoin, ETH & XRP,4.91.0,https://d.apkpure.com/b/APK/com.uphold.wallet?version=latest
com.taxact.express2013,TaxAct Express,13.0.3,https://d.apkpure.com/b/APK/com.taxact.express2013?version=latest
com.gusto.money,Gusto Wallet,2.4.0,https://d.apkpure.com/b/APK/com.gusto.money?version=latest
app.indie.my,Found — Banking & Taxes,1.4.17,https://d.apkpure.com/b/APK/app.indie.my?version=latest
com.safecoinsurance.consumer,Safeco Mobile,4.1.0,https://d.apkpure.com/b/APK/com.safecoinsurance.consumer?version=latest
com.prepaid2cash.android,Prepaid2Cash: Gift Cards to Ca,3.10.1,https://d.apkpure.com/b/APK/com.prepaid2cash.android?version=latest
payday.cash.advance.money.app.no.credit.check,Payday Cash Advance: Money App,1.0.0,https://d.apkpure.com/b/APK/payday.cash.advance.money.app.no.credit.check?version=latest
com.ns.paypalpp,PayPal Prepaid,6.4.2,https://d.apkpure.com/b/APK/com.ns.paypalpp?version=latest
com.phonepe.app,PhonePe UPI, Payment, Recharge,4.1.48,https://d.apkpure.com/b/APK/com.phonepe.app?version=latest
com.even.harmony,Even,9.5.0,https://d.apkpure.com/b/APK/com.even.harmony?version=latest
com.firstdata.moneynetwork,Money Network® Mobile App,7.7.2,https://d.apkpure.com/b/APK/com.firstdata.moneynetwork?version=latest
com.okinc.okex.gp,OKX: Buy Bitcoin, ETH, Crypto,6.9.1,https://d.apkpure.com/b/APK/com.okinc.okex.gp?version=latest
com.digitalinsight.cma.fiid01685,FNBT & FCB Mobile,2023.01.00,https://d.apkpure.com/b/APK/com.digitalinsight.cma.fiid01685?version=latest
com.payday.advance.money.loans,Money Borrowing: Instant Loans,1.0.8,https://d.apkpure.com/b/APK/com.payday.advance.money.loans?version=latest
com.kubi.kucoin,KuCoin: BTC, Crypto Exchange,3.81.1,https://d.apkpure.com/b/APK/com.kubi.kucoin?version=latest
net.metaquotes.metatrader5,MetaTrader 5 — Forex, Stocks,500.3650,https://d.apkpure.com/b/APK/net.metaquotes.metatrader5?version=latest
com.mint,Mint: Budget & Track Bills,8.36.1,https://d.apkpure.com/b/APK/com.mint?version=latest
com.transsnet.palmpay,PalmPay - Transfers, Bills,4.11.1,https://d.apkpure.com/b/APK/com.transsnet.palmpay?version=latest
net.metaquotes.metatrader4,MetaTrader 4 Forex Trading,400.1380,https://d.apkpure.com/b/APK/net.metaquotes.metatrader4?version=latest
com.lcard_app,Mission Lane,5.23.0,https://d.apkpure.com/b/APK/com.lcard_app?version=latest
com.ally.auto.activity,Ally Auto Finance,5.1.9,https://d.apkpure.com/b/APK/com.ally.auto.activity?version=latest
com.apmex.spot,APMEX: Buy Gold & Silver,3.1.21,https://d.apkpure.com/b/APK/com.apmex.spot?version=latest
de.schildbach.wallet,Bitcoin Wallet,Varies with device,https://d.apkpure.com/b/APK/de.schildbach.wallet?version=latest
com.doctorsbazaar,Atto CMMS,1.0.12,https://d.apkpure.com/b/APK/com.doctorsbazaar?version=latest
com.bankofamerica.prepaid,BofA Prepaid Mobile,13,https://d.apkpure.com/b/APK/com.bankofamerica.prepaid?version=latest
com.barclaycardus,Barclays US Credit Cards,8.1.3,https://d.apkpure.com/b/APK/com.barclaycardus?version=latest
com.geraldwallet,Gerald: Cash Advance App,2.8.9,https://d.apkpure.com/b/APK/com.geraldwallet?version=latest
pro.bingbon.app,BingX Trade BTC, Buy Crypto,3.47.0,https://d.apkpure.com/b/APK/pro.bingbon.app?version=latest
com.etrade.mobilepro.activity,E*TRADE: Invest. Trade. Save.,10.6.1.5991,https://d.apkpure.com/b/APK/com.etrade.mobilepro.activity?version=latest
com.progressive.snapshot2,Snapshot®,2.11.0.3021,https://d.apkpure.com/b/APK/com.progressive.snapshot2?version=latest
com.lmig.pm.internet.mobile.android.libertymutual,Liberty Mutual Mobile,8.4.0,https://d.apkpure.com/b/APK/com.lmig.pm.internet.mobile.android.libertymutual?version=latest
org.treecard.app,Treecard,2.0.3113,https://d.apkpure.com/b/APK/org.treecard.app?version=latest
com.instant.cash.advance.app,Instant Cash Advance: Get Paid,1.9,https://d.apkpure.com/b/APK/com.instant.cash.advance.app?version=latest
com.xoom.android.app,Xoom Money Transfer,9.8.4,https://d.apkpure.com/b/APK/com.xoom.android.app?version=latest
com.jerrym,Jerry: Car Insurance Savings,3.66,https://d.apkpure.com/b/APK/com.jerrym?version=latest
com.merrickbank.smartclient.prod,Merrick Bank Mobile,3.29.5,https://d.apkpure.com/b/APK/com.merrickbank.smartclient.prod?version=latest
com.tdameritrade.mobile3,TD Ameritrade Mobile,5.6.6,https://d.apkpure.com/b/APK/com.tdameritrade.mobile3?version=latest
com.payday.cash.get.money,Payday Cash Advance: Get Money,1.4,https://d.apkpure.com/b/APK/com.payday.cash.get.money?version=latest
com.everydollar.android,EveryDollar: Budget Tracker,2023.03.17,https://d.apkpure.com/b/APK/com.everydollar.android?version=latest
net.one97.paytm,Paytm: Secure UPI Payments,Varies with device,https://d.apkpure.com/b/APK/net.one97.paytm?version=latest
com.mychime.waveremit.app,Sendwave—Send Money,04.37.03,https://d.apkpure.com/b/APK/com.mychime.waveremit.app?version=latest
com.loan.app.instantly,Loan App - Get Cash Instantly,2.3,https://d.apkpure.com/b/APK/com.loan.app.instantly?version=latest
com.intermexwire.itmxwebagent,Amigo Paisano,9.20230411.9,https://d.apkpure.com/b/APK/com.intermexwire.itmxwebagent?version=latest
com.keefegroup.access.corrections,Access Corrections,3.22.332,https://d.apkpure.com/b/APK/com.keefegroup.access.corrections?version=latest
app.comun.mobile,Comun - Banca móvil latina,1.13.4,https://d.apkpure.com/b/APK/app.comun.mobile?version=latest
com.possible_mobile,Possible: Fast Cash & Credit,2.1.20,https://d.apkpure.com/b/APK/com.possible_mobile?version=latest
com.syf.amazonstorecard,Amazon Store Card,3.4.0,https://d.apkpure.com/b/APK/com.syf.amazonstorecard?version=latest
com.mobiledatalabs.mileiq,Mileage Tracker by MileIQ,1.66.0.236855,https://d.apkpure.com/b/APK/com.mobiledatalabs.mileiq?version=latest
com.gen6bk.mino.app,Milli: Mobile Banking,1.1.1,https://d.apkpure.com/b/APK/com.gen6bk.mino.app?version=latest
com.hrblock.sprucemoney,Spruce - Mobile banking,3.4.0,https://d.apkpure.com/b/APK/com.hrblock.sprucemoney?version=latest
com.aura.suite,Aura: Security & Protection,2.23.6,https://d.apkpure.com/b/APK/com.aura.suite?version=latest
com.useline.line,Line: Instant Cash Advance App,2.6.22,https://d.apkpure.com/b/APK/com.useline.line?version=latest
com.citizensbank.androidapp,Citizens Bank Mobile Banking,11.3.0,https://d.apkpure.com/b/APK/com.citizensbank.androidapp?version=latest
com.transunion.TransUnion,TransUnion: Credit Monitoring,4.0.7,https://d.apkpure.com/b/APK/com.transunion.TransUnion?version=latest
com.regions.mobbanking,Regions Bank,7.17.2.1,https://d.apkpure.com/b/APK/com.regions.mobbanking?version=latest
com.fusionmedia.investing,Investing.com: Stock Market,6.15.1,https://d.apkpure.com/b/APK/com.fusionmedia.investing?version=latest
com.usdirectexpress.mobileapp,Direct Express® Mobile,1.10,https://d.apkpure.com/b/APK/com.usdirectexpress.mobileapp?version=latest
ch.cryptowat.mobile,Cryptowatch,2.7.3,https://d.apkpure.com/b/APK/ch.cryptowat.mobile?version=latest
com.stridehealth.drive,Stride: Mileage & Tax Tracker,23.3.0,https://d.apkpure.com/b/APK/com.stridehealth.drive?version=latest
com.btcc.hy,BTCC - Trade Bitcoin & Crypto,7.4.0,https://d.apkpure.com/b/APK/com.btcc.hy?version=latest
com.quickenloans.myql,Rocket Mortgage,9.1.0,https://d.apkpure.com/b/APK/com.quickenloans.myql?version=latest
instant.loan.fast.cash.money.loaning.app,Panda Loans - Cash Advance App,1.0.0,https://d.apkpure.com/b/APK/instant.loan.fast.cash.money.loaning.app?version=latest
com.seis,Seis: banca móvil en español,1.8.7,https://d.apkpure.com/b/APK/com.seis?version=latest
com.ally.MobileBanking,Ally: Banking & Investing,23.7.0,https://d.apkpure.com/b/APK/com.ally.MobileBanking?version=latest
com.pyypl,Pyypl - it’s your money,2.10.1500,https://d.apkpure.com/b/APK/com.pyypl?version=latest
com.myairtelapp,Airtel Thanks – Recharge & UPI,4.66.3,https://d.apkpure.com/b/APK/com.myairtelapp?version=latest
com.b9.app,B9 Cash Advance Early Paycheck,2.30.0,https://d.apkpure.com/b/APK/com.b9.app?version=latest
com.bancomer.mbanking,BBVA México,11.71.230405,https://d.apkpure.com/b/APK/com.bancomer.mbanking?version=latest
com.current.app,Current: The Future of Banking,6.4.1,https://d.apkpure.com/b/APK/com.current.app?version=latest
com.masterworks,Masterworks: Invest in Art,1.2.44 (14),https://d.apkpure.com/b/APK/com.masterworks?version=latest
com.bitcoin.mwallet,Bitcoin & Crypto DeFi Wallet,7.39.3,https://d.apkpure.com/b/APK/com.bitcoin.mwallet?version=latest
com.springleaf.mobile,OneMain Financial,8.10.1,https://d.apkpure.com/b/APK/com.springleaf.mobile?version=latest
com.marcus.android,Marcus by Goldman Sachs®,1.22.0,https://d.apkpure.com/b/APK/com.marcus.android?version=latest
com.solofunds,SoLo Funds: Lend & Borrow,1.21.1,https://d.apkpure.com/b/APK/com.solofunds?version=latest
com.clairmail.fth,Fifth Third Mobile Banking,4.7.0,https://d.apkpure.com/b/APK/com.clairmail.fth?version=latest
com.nexttapps.mmo,Make Money & Work From Home,3.5,https://d.apkpure.com/b/APK/com.nexttapps.mmo?version=latest
com.Splitwise.SplitwiseMobile,Splitwise,Varies with device,https://d.apkpure.com/b/APK/com.Splitwise.SplitwiseMobile?version=latest
com.bad.credit.payday.loans.easy.fast.safe,Payday Loans for Bad Credit,1.0.3,https://d.apkpure.com/b/APK/com.bad.credit.payday.loans.easy.fast.safe?version=latest
com.schwab.mobile,Schwab Mobile,Varies with device,https://d.apkpure.com/b/APK/com.schwab.mobile?version=latest
com.symantec.lifelock.memberapp,LifeLock Identity by Norton,1.69,https://d.apkpure.com/b/APK/com.symantec.lifelock.memberapp?version=latest
com.creditacceptance.customer,Credit Acceptance Mobile,1.3.7,https://d.apkpure.com/b/APK/com.creditacceptance.customer?version=latest
com.huntington.m,Huntington Mobile,6.39.107,https://d.apkpure.com/b/APK/com.huntington.m?version=latest
com.autostart,AutoStart - No root,2.2,https://d.apkpure.com/b/APK/com.autostart?version=latest
com.bybit.app,Bybit:Buy Bitcoin,Trade Crypto,4.15.6,https://d.apkpure.com/b/APK/com.bybit.app?version=latest
com.branchmessenger,Branch: No Wait Pay.,2023.4.3,https://d.apkpure.com/b/APK/com.branchmessenger?version=latest
com.yahoo.mobile.client.android.finance,Yahoo Finance: Stock News,12.6.3,https://d.apkpure.com/b/APK/com.yahoo.mobile.client.android.finance?version=latest
com.hatfield.grid,Grid Money,4.2.134,https://d.apkpure.com/b/APK/com.hatfield.grid?version=latest
com.syf.synchronybank,Synchrony Bank,2.23.2,https://d.apkpure.com/b/APK/com.syf.synchronybank?version=latest
com.freecash.app2,Freecash: Earn Crypto & Prizes,1,https://d.apkpure.com/b/APK/com.freecash.app2?version=latest
com.brightcapital.app,Bright - Crush Your Card Debt,1.39,https://d.apkpure.com/b/APK/com.brightcapital.app?version=latest
com.dtm.bambu,MyBambu,3.1.2,https://d.apkpure.com/b/APK/com.dtm.bambu?version=latest
com.finimize.oban,Finimize: Investment Insights,2.0.102,https://d.apkpure.com/b/APK/com.finimize.oban?version=latest
com.chexar.ingo.android,Ingo Money App – Cash Checks,4.9.10,https://d.apkpure.com/b/APK/com.chexar.ingo.android?version=latest
com.majority.android,MAJORITY – Mobile Banking,1.35.1,https://d.apkpure.com/b/APK/com.majority.android?version=latest
com.ria.moneytransfer,Ria Money Transfer: Send Money,3.42.63,https://d.apkpure.com/b/APK/com.ria.moneytransfer?version=latest
