com.ohealthstudio.flatstomachworkout,Flat Stomach Workout - Fitness,1.34,https://d.apkpure.com/b/APK/com.ohealthstudio.flatstomachworkout?version=latest
com.himshers.hims,Hims,3.11.1,https://d.apkpure.com/b/APK/com.himshers.hims?version=latest
com.reflectio.io,Pulsebit: Heart Rate Monitor,4.0.0,https://d.apkpure.com/b/APK/com.reflectio.io?version=latest
com.planetfitness,Planet Fitness Workouts,Varies with device,https://d.apkpure.com/b/APK/com.planetfitness?version=latest
com.google.android.apps.fitness,Google Fit: Activity Tracking,Varies with device,https://d.apkpure.com/b/APK/com.google.android.apps.fitness?version=latest
com.alltrails.alltrails,AllTrails: Hike, Bike & Run,17.7.1,https://d.apkpure.com/b/APK/com.alltrails.alltrails?version=latest
com.cashwalklabs.cashwalk,Cashwalk: Step Counter&Rewards,Varies with device,https://d.apkpure.com/b/APK/com.cashwalklabs.cashwalk?version=latest
itech.wearables,iTech Wearables,1.23,https://d.apkpure.com/b/APK/itech.wearables?version=latest
com.nekosoft.bloodpressurechecker.systolicmonitor,Blood Pressure Tracker & Info,1.1.9,https://d.apkpure.com/b/APK/com.nekosoft.bloodpressurechecker.systolicmonitor?version=latest
com.bodyfast,BodyFast: Intermittent Fasting,3.23.4,https://d.apkpure.com/b/APK/com.bodyfast?version=latest
breastenlarger.bodyeditor.photoeditor,Body Editor - Photo Editor,1.26.60,https://d.apkpure.com/b/APK/breastenlarger.bodyeditor.photoeditor?version=latest
com.fitbod.fitbod,Fitbod Workout & Fitness Plans,6.4.5,https://d.apkpure.com/b/APK/com.fitbod.fitbod?version=latest
com.myfitnesspal.android,MyFitnessPal: Calorie Counter,Varies with device,https://d.apkpure.com/b/APK/com.myfitnesspal.android?version=latest
heartratemonitor.heartrate.pulse.pulseapp,Heart Rate Monitor - Pulse App,1.1.1,https://d.apkpure.com/b/APK/heartratemonitor.heartrate.pulse.pulseapp?version=latest
bodyfast.zero.fastingtracker.weightloss,Fasting - Intermittent Fasting,1.6.7,https://d.apkpure.com/b/APK/bodyfast.zero.fastingtracker.weightloss?version=latest
sixpack.sixpackabs.absworkout,Six Pack in 30 Days,1.1.1,https://d.apkpure.com/b/APK/sixpack.sixpackabs.absworkout?version=latest
com.fitnow.loseit,Calorie Counter by Lose It!,15.2.503,https://d.apkpure.com/b/APK/com.fitnow.loseit?version=latest
com.fourtechnologies.mynetdiary.ad,Calorie Counter - MyNetDiary,8.3.5,https://d.apkpure.com/b/APK/com.fourtechnologies.mynetdiary.ad?version=latest
com.cleanobjects.protectspeedz.boost.android,Blood Pressure Tracker,1.1.5,https://d.apkpure.com/b/APK/com.cleanobjects.protectspeedz.boost.android?version=latest
com.strava,Strava: Run, Ride, Hike,Varies with device,https://d.apkpure.com/b/APK/com.strava?version=latest
com.calm.android,Calm - Sleep, Meditate, Relax,Varies with device,https://d.apkpure.com/b/APK/com.calm.android?version=latest
com.bloodsugar.diabetesapp,Diabetes App - Blood Sugar,1.0.6,https://d.apkpure.com/b/APK/com.bloodsugar.diabetesapp?version=latest
com.winwalk.android,winwalk - rewards for walking,2.5.2,https://d.apkpure.com/b/APK/com.winwalk.android?version=latest
com.wsl.noom,Noom: Weight Loss & Health,11.9.0,https://d.apkpure.com/b/APK/com.wsl.noom?version=latest
net.sumitk.quotesmeditation,Motivational Quotes - Daily,10.31,https://d.apkpure.com/b/APK/net.sumitk.quotesmeditation?version=latest
com.twentythreeandme.app,23andMe - DNA Testing,5.188.0,https://d.apkpure.com/b/APK/com.twentythreeandme.app?version=latest
pedometer.steptracker.calorieburner.stepcounter,Step Counter - Pedometer,1.2.9,https://d.apkpure.com/b/APK/pedometer.steptracker.calorieburner.stepcounter?version=latest
com.mobile.uhc,UnitedHealthcare,2.29.1,https://d.apkpure.com/b/APK/com.mobile.uhc?version=latest
com.vshred,V Shred: Diet & Fitness,2.5.0,https://d.apkpure.com/b/APK/com.vshred?version=latest
stepcounter.pedometer.stepstracker,Step Counter - Pedometer,1.0.8,https://d.apkpure.com/b/APK/stepcounter.pedometer.stepstracker?version=latest
health.sleep.sounds.tracker.alarm.calm,ShutEye: Sleep & Relax,1.2.8,https://d.apkpure.com/b/APK/health.sleep.sounds.tracker.alarm.calm?version=latest
loseweight.weightloss.workout.fitness,Lose Weight at Home in 30 Days,1.066.68.GP,https://d.apkpure.com/b/APK/loseweight.weightloss.workout.fitness?version=latest
net.workout.lose.weight.fitness.fit.coach,FitCoach: Fitness Coach & Diet,6.9.2,https://d.apkpure.com/b/APK/net.workout.lose.weight.fitness.fit.coach?version=latest
com.yc.gloryfit,Glory Fit,3.1.4,https://d.apkpure.com/b/APK/com.yc.gloryfit?version=latest
com.getpaired.app,Paired: Couples & Relationship,0.790.0,https://d.apkpure.com/b/APK/com.getpaired.app?version=latest
com.betterhelp,BetterHelp - Therapy,2.21,https://d.apkpure.com/b/APK/com.betterhelp?version=latest
com.getsomeheadspace.android,Headspace: Mindful Meditation,4.146.0,https://d.apkpure.com/b/APK/com.getsomeheadspace.android?version=latest
in.sweatco.app,Sweatcoin,127.0,https://d.apkpure.com/b/APK/in.sweatco.app?version=latest
com.popularapp.periodcalendar,Period Calendar Period Tracker,Varies with device,https://d.apkpure.com/b/APK/com.popularapp.periodcalendar?version=latest
com.runtastic.android,adidas Running: Sports Tracker,Varies with device,https://d.apkpure.com/b/APK/com.runtastic.android?version=latest
com.cigna.mobile.mycigna,myCigna,6.45.0,https://d.apkpure.com/b/APK/com.cigna.mobile.mycigna?version=latest
relax.sleep.relaxation.sleepingsounds,Sleep Sounds - relaxing sounds,2.5.3,https://d.apkpure.com/b/APK/relax.sleep.relaxation.sleepingsounds?version=latest
musclebooster.workout.home.gym.abs.loseweight,Muscle Booster Workout Planner,2.19.0,https://d.apkpure.com/b/APK/musclebooster.workout.home.gym.abs.loseweight?version=latest
com.water.reminder.tracker,My Water Reminder: Tracker App,2.0.9,https://d.apkpure.com/b/APK/com.water.reminder.tracker?version=latest
com.fun.android.steps,Fun Steps,1.0.1,https://d.apkpure.com/b/APK/com.fun.android.steps?version=latest
app.feelsy,Feelsy: Stress Anxiety Relief,3.7.0,https://d.apkpure.com/b/APK/app.feelsy?version=latest
women.workout.female.fitness,Workout for Women: Fit at Home,1.4.5,https://d.apkpure.com/b/APK/women.workout.female.fitness?version=latest
com.stepsappgmbh.stepsapp,StepsApp – Step Counter,4.3.13,https://d.apkpure.com/b/APK/com.stepsappgmbh.stepsapp?version=latest
com.gen.workoutme,BetterMe: Health Coaching,7.13.0,https://d.apkpure.com/b/APK/com.gen.workoutme?version=latest
bloodsugar.bloodsugarapp.diabetes.diabetesapp,Blood Sugar - Diabetes App,1.1.2,https://d.apkpure.com/b/APK/bloodsugar.bloodsugarapp.diabetes.diabetesapp?version=latest
fitness.home.workout.weight.loss,JustFit - Lazy Workout,1.1.0,https://d.apkpure.com/b/APK/fitness.home.workout.weight.loss?version=latest
dance.fit.zumba.weightloss.danceburn,Dancefitme:Fun Workouts,2.7.0,https://d.apkpure.com/b/APK/dance.fit.zumba.weightloss.danceburn?version=latest
com.hevy,Hevy - Gym Log Workout Tracker,1.29.20,https://d.apkpure.com/b/APK/com.hevy?version=latest
com.uthus.heartrate,Heart Rate Monitor: BP Tracker,0.1.3,https://d.apkpure.com/b/APK/com.uthus.heartrate?version=latest
armworkout.armworkoutformen.armexercises,Arm Workout - Biceps Exercise,2.2.2,https://d.apkpure.com/b/APK/armworkout.armworkoutformen.armexercises?version=latest
splits.splitstraining.dothesplits.splitsin30days,Splits Training in 30 Days,1.0.27,https://d.apkpure.com/b/APK/splits.splitstraining.dothesplits.splitsin30days?version=latest
bloodpressure.bloodpressureapp.bloodpressuretracker,Blood Pressure App,1.4.8,https://d.apkpure.com/b/APK/bloodpressure.bloodpressureapp.bloodpressuretracker?version=latest
com.garmin.android.apps.connectmobile,Garmin Connect™,4.65.1,https://d.apkpure.com/b/APK/com.garmin.android.apps.connectmobile?version=latest
com.ecw.healow,healow,7.0.5,https://d.apkpure.com/b/APK/com.ecw.healow?version=latest
com.wdjbq.mystep,My Steps - Pedometer,1.0.5,https://d.apkpure.com/b/APK/com.wdjbq.mystep?version=latest
io.yuka.android,Yuka - Food & cosmetic scan,4.29,https://d.apkpure.com/b/APK/io.yuka.android?version=latest
com.finch.finch,Finch: Self Care Pet,3.49.5,https://d.apkpure.com/b/APK/com.finch.finch?version=latest
com.tayu.tau.pedometer,Pedometer - Step Counter App,5.46,https://d.apkpure.com/b/APK/com.tayu.tau.pedometer?version=latest
abs.loseweight.fatburning.home.fitness,Home Fitness - Daily Workout,1.0.15.0414,https://d.apkpure.com/b/APK/abs.loseweight.fatburning.home.fitness?version=latest
com.outcomes4me,Outcomes4Me Cancer Care,5.4.1,https://d.apkpure.com/b/APK/com.outcomes4me?version=latest
com.bloodpressurenow.bpapp,Blood Pressure App: BP Monitor,1.0.10,https://d.apkpure.com/b/APK/com.bloodpressurenow.bpapp?version=latest
ai.replika.app,Replika: My AI Friend,11.0.5,https://d.apkpure.com/b/APK/ai.replika.app?version=latest
com.groundspeak.geocaching.intro,Geocaching®,9.25.1,https://d.apkpure.com/b/APK/com.groundspeak.geocaching.intro?version=latest
sleeptrakcer.sleeprecorder.sleepapp.sleep,Sleep Tracker - Sleep Recorder,1.3.2,https://d.apkpure.com/b/APK/sleeptrakcer.sleeprecorder.sleepapp.sleep?version=latest
ipnossoft.rma.free,BetterSleep: Sleep tracker,23.5.4,https://d.apkpure.com/b/APK/ipnossoft.rma.free?version=latest
fasteasy.dailyburn.fastingtracker,FastEasy: Fasting Tracker,1.27.0,https://d.apkpure.com/b/APK/fasteasy.dailyburn.fastingtracker?version=latest
com.watch.life,VeryFit,2.3.11,https://d.apkpure.com/b/APK/com.watch.life?version=latest
com.walkfit.weightloss.steptracker.pedometer,WalkFit: Walking App,2.38.1,https://d.apkpure.com/b/APK/com.walkfit.weightloss.steptracker.pedometer?version=latest
menloseweight.loseweightappformen.weightlossformen,Lose Weight App for Men,1.1.5,https://d.apkpure.com/b/APK/menloseweight.loseweightappformen.weightlossformen?version=latest
org.iggymedia.periodtracker,Flo Ovulation & Period Tracker,Varies with device,https://d.apkpure.com/b/APK/org.iggymedia.periodtracker?version=latest
com.fancygo.walk.abc,FancyGo,1.0.11,https://d.apkpure.com/b/APK/com.fancygo.walk.abc?version=latest
us.tx.state.hhsc.ytbmobile,Your Texas Benefits,6.1.0,https://d.apkpure.com/b/APK/us.tx.state.hhsc.ytbmobile?version=latest
com.topstep.fitcloudpro,FitCloudPro,1.5.4,https://d.apkpure.com/b/APK/com.topstep.fitcloudpro?version=latest
com.basenjiapps.breeze,Breeze: mental health,1.7.0,https://d.apkpure.com/b/APK/com.basenjiapps.breeze?version=latest
com.byeshe.bloodpressure,Blood Pressure Tracker App Pro,1.0.7,https://d.apkpure.com/b/APK/com.byeshe.bloodpressure?version=latest
com.bloodsugar.healthly.lifestyle,Blood Sugar,2.1.2,https://d.apkpure.com/b/APK/com.bloodsugar.healthly.lifestyle?version=latest
com.hrd.iam,I am - Daily affirmations,Varies with device,https://d.apkpure.com/b/APK/com.hrd.iam?version=latest
com.dailyyoga.inc,Daily Yoga: Fitness+Meditation,8.27.10,https://d.apkpure.com/b/APK/com.dailyyoga.inc?version=latest
com.weightwatchers.mobile,WeightWatchers,10.35.0,https://d.apkpure.com/b/APK/com.weightwatchers.mobile?version=latest
com.workout.bmi.exercise.home,BMI Fitness: Gym Training,1.0.1,https://d.apkpure.com/b/APK/com.workout.bmi.exercise.home?version=latest
com.mapmywalk.android2,Walk with Map My Walk,23.7.0,https://d.apkpure.com/b/APK/com.mapmywalk.android2?version=latest
com.ea.game.pvz2_row,Plants vs Zombies™ 2,10.4.2,https://d.apkpure.com/b/APK/com.ea.game.pvz2_row?version=latest
homeworkout.homeworkouts.noequipment,Home Workout - No Equipment,1.2.3,https://d.apkpure.com/b/APK/homeworkout.homeworkouts.noequipment?version=latest
bloodpressure.bloodpressureapppro.bloodpressureapp,Blood Pressure App Pro,1.1.2,https://d.apkpure.com/b/APK/bloodpressure.bloodpressureapppro.bloodpressureapp?version=latest
appinventor.ai_MAdelSelim.Paranormal_hunter,Paranormal Hunter Spirit Box,5.0,https://d.apkpure.com/b/APK/appinventor.ai_MAdelSelim.Paranormal_hunter?version=latest
com.fitbit.FitbitMobile,Fitbit,Varies with device,https://d.apkpure.com/b/APK/com.fitbit.FitbitMobile?version=latest
com.cronometer.android.gold,Calorie Counter - Cronometer,4.4.0,https://d.apkpure.com/b/APK/com.cronometer.android.gold?version=latest
com.dreams.sweetdream,Sweet Dream - Sleep Sounds,1.0.7,https://d.apkpure.com/b/APK/com.dreams.sweetdream?version=latest
com.note.remindeme.bloodpressure,Blood Pressure Note,2.1.7,https://d.apkpure.com/b/APK/com.note.remindeme.bloodpressure?version=latest
com.bowerydigital.bend,Bend: Stretching & Flexibility,3.0.2,https://d.apkpure.com/b/APK/com.bowerydigital.bend?version=latest
buttocksworkout.hipsworkouts.forwomen.legworkout,Buttocks Workout - Fitness App,1.0.55,https://d.apkpure.com/b/APK/buttocksworkout.hipsworkouts.forwomen.legworkout?version=latest
life.simple,Simple: Intermittent Fasting,6.5.4,https://d.apkpure.com/b/APK/life.simple?version=latest
loseweightapp.loseweightappforwomen.womenworkoutathome,Lose Weight App for Women,1.0.43,https://d.apkpure.com/b/APK/loseweightapp.loseweightappforwomen.womenworkoutathome?version=latest
com.lovense.wear,Lovense Remote,6.0.1,https://d.apkpure.com/b/APK/com.lovense.wear?version=latest
net.beginners.weight.loss.workout.women.yoga.go,Yoga-Go: Yoga For Weight Loss,6.9.1,https://d.apkpure.com/b/APK/net.beginners.weight.loss.workout.women.yoga.go?version=latest
com.withfeelingai.test,Paradot: Virtual Being to Chat,1.2.2,https://d.apkpure.com/b/APK/com.withfeelingai.test?version=latest
com.elevatelabs.geonosis,Balance: Meditation & Sleep,1.72.1,https://d.apkpure.com/b/APK/com.elevatelabs.geonosis?version=latest
com.smartwidgetlabs.fitbitandroid,Fitness Band - Fitness Tracker,2.3,https://d.apkpure.com/b/APK/com.smartwidgetlabs.fitbitandroid?version=latest
com.onepeloton.callisto,Peloton - Fitness & Workouts,Varies with device,https://d.apkpure.com/b/APK/com.onepeloton.callisto?version=latest
io.a24go.android.dev,24GO by 24 Hour Fitness,Varies with device,https://d.apkpure.com/b/APK/io.a24go.android.dev?version=latest
dumbbellworkout.dumbbellapp.homeworkout,Dumbbell Workout at Home,1.1.9,https://d.apkpure.com/b/APK/dumbbellworkout.dumbbellapp.homeworkout?version=latest
com.jaga.ibraceletplus.aigoband,JYouPro - Fitness Tracker,3.20.7,https://d.apkpure.com/b/APK/com.jaga.ibraceletplus.aigoband?version=latest
com.dexcom.clarity.mobile,Dexcom Clarity,2.21.0.120,https://d.apkpure.com/b/APK/com.dexcom.clarity.mobile?version=latest
com.virginpulse.virginpulse,Virgin Pulse,3.210.1,https://d.apkpure.com/b/APK/com.virginpulse.virginpulse?version=latest
com.zerofasting.zero,Zero - Intermittent Fasting,2.43.0,https://d.apkpure.com/b/APK/com.zerofasting.zero?version=latest
com.wombatapps.carbmanager,Carb Manager–Keto Diet Tracker,7.1.11,https://d.apkpure.com/b/APK/com.wombatapps.carbmanager?version=latest
com.eatthismuch,Eat This Much - Meal Planner,Varies with device,https://d.apkpure.com/b/APK/com.eatthismuch?version=latest
com.wakeup.howear,Wearfit Pro,hw_4.4.9,https://d.apkpure.com/b/APK/com.wakeup.howear?version=latest
com.google.android.apps.health.research.studies,Google Health Studies,2.7.484994749,https://d.apkpure.com/b/APK/com.google.android.apps.health.research.studies?version=latest
gov.nyc.hra.SelfService,NYC ACCESS HRA,3.4,https://d.apkpure.com/b/APK/gov.nyc.hra.SelfService?version=latest
com.clue.android,Clue Period Tracker & Calendar,103.0,https://d.apkpure.com/b/APK/com.clue.android?version=latest
gofasting.fastingtracker.fasting.intermittentfasting,Intermittent Fasting GoFasting,1.02.11.0412,https://d.apkpure.com/b/APK/gofasting.fastingtracker.fasting.intermittentfasting?version=latest
com.yazio.android,YAZIO Fasting & Food Tracker,8.7.2,https://d.apkpure.com/b/APK/com.yazio.android?version=latest
org.kp.m,Kaiser Permanente,5.11.1,https://d.apkpure.com/b/APK/org.kp.m?version=latest
itouch.wearables,iTouch Wearables,1.26,https://d.apkpure.com/b/APK/itouch.wearables?version=latest
com.eugenecraft.granny,Minecraft horror map Granny,3,https://d.apkpure.com/b/APK/com.eugenecraft.granny?version=latest
com.heart.rate.bloodpressure,Blood Pressure - Heart Rate,1.5,https://d.apkpure.com/b/APK/com.heart.rate.bloodpressure?version=latest
es.myrealfood.myrealfood,MyRealFood: Diet and recipes,5.1.32,https://d.apkpure.com/b/APK/es.myrealfood.myrealfood?version=latest
com.spotlightsix.zentimerlite2,Insight Timer - Meditation App,17.3.9,https://d.apkpure.com/b/APK/com.spotlightsix.zentimerlite2?version=latest
com.omronhealthcare.omronconnect,OMRON connect,7.12.0,https://d.apkpure.com/b/APK/com.omronhealthcare.omronconnect?version=latest
com.workout.routine.fitness.daily,Workout Routine:Daily Fitness,1.0.3,https://d.apkpure.com/b/APK/com.workout.routine.fitness.daily?version=latest
com.bememultiplatform.android,BeMe: Teen Wellness,3.2.6,https://d.apkpure.com/b/APK/com.bememultiplatform.android?version=latest
com.hrd.motivation,Motivation - Daily quotes,Varies with device,https://d.apkpure.com/b/APK/com.hrd.motivation?version=latest
com.sevegame.calorie,EZ Calorie Counter,1.3.3,https://d.apkpure.com/b/APK/com.sevegame.calorie?version=latest
com.veepoo.hband,H Band,9.7.2,https://d.apkpure.com/b/APK/com.veepoo.hband?version=latest
com.vibrator.massage,Vibrator Strong: Vibration App,1.3.8,https://d.apkpure.com/b/APK/com.vibrator.massage?version=latest
com.bloodpressuremonitor.bloodpressure.bloodpressuretracker,Blood Pressure Monitor,1.0,https://d.apkpure.com/b/APK/com.bloodpressuremonitor.bloodpressure.bloodpressuretracker?version=latest
com.fiton.android,FitOn Workouts & Fitness Plans,Varies with device,https://d.apkpure.com/b/APK/com.fiton.android?version=latest
com.lianhezhuli.hyfit,HryFine,3.3.14,https://d.apkpure.com/b/APK/com.lianhezhuli.hyfit?version=latest
com.granny.mods.mcpe.new,Hello Granny Horror Craft maps,3,https://d.apkpure.com/b/APK/com.granny.mods.mcpe.new?version=latest
strong.vibrator.massage.vibration.forwomen,Vibration App: Vibrator Strong,1.1.6,https://d.apkpure.com/b/APK/strong.vibrator.massage.vibration.forwomen?version=latest
com.moodtools.cbtassistant.app,Clarity - CBT Thought Diary,5.3.11,https://d.apkpure.com/b/APK/com.moodtools.cbtassistant.app?version=latest
com.sec.android.app.shealth,Samsung Health,6.23.3.003,https://d.apkpure.com/b/APK/com.sec.android.app.shealth?version=latest
com.nike.plusgps,Nike Run Club - Running Coach,Varies with device,https://d.apkpure.com/b/APK/com.nike.plusgps?version=latest
com.medco.medcopharmacy,Express Scripts,12.4.1,https://d.apkpure.com/b/APK/com.medco.medcopharmacy?version=latest
com.ohealthstudio.buttocksworkoutforwomen,Buttocks Workout: Hips Workout,2.6,https://d.apkpure.com/b/APK/com.ohealthstudio.buttocksworkoutforwomen?version=latest
losebellyfat.flatstomach.absworkout.fatburning,Lose Belly Fat  - Abs Workout,1.5.4,https://d.apkpure.com/b/APK/losebellyfat.flatstomach.absworkout.fatburning?version=latest
com.nike.ntc,Nike Training Club: Fitness,6.42.0,https://d.apkpure.com/b/APK/com.nike.ntc?version=latest
is.vertical.ptsdcoach,PTSD Coach,3.5,https://d.apkpure.com/b/APK/is.vertical.ptsdcoach?version=latest
com.bloodsugar.tracker.checkglucose,Blood Sugar: BP Tracker,1.0.17,https://d.apkpure.com/b/APK/com.bloodsugar.tracker.checkglucose?version=latest
drinkingwaterreminder.waterintake.waterperday.drinkwaterapp,Drinking water reminder,1.2.8,https://d.apkpure.com/b/APK/drinkingwaterreminder.waterintake.waterperday.drinkwaterapp?version=latest
com.livestrong.tracker,MyPlate Calorie Tracker,3.5.4(4),https://d.apkpure.com/b/APK/com.livestrong.tracker?version=latest
com.ridewithgps.mobile,Ride with GPS: Bike Navigation,Varies with device,https://d.apkpure.com/b/APK/com.ridewithgps.mobile?version=latest
workoutforwomen.femalefitness.womenworkout.loseweight,Home Workout for Women,1.1.10,https://d.apkpure.com/b/APK/workoutforwomen.femalefitness.womenworkout.loseweight?version=latest
com.run.health.pedometer,Fitness Pedometer:Step Counter,1.0.6,https://d.apkpure.com/b/APK/com.run.health.pedometer?version=latest
com.ifit.wolf,iFIT - At Home Fitness Coach,2.6.84,https://d.apkpure.com/b/APK/com.ifit.wolf?version=latest
com.voidpet,Voidpet,1.9.3,https://d.apkpure.com/b/APK/com.voidpet?version=latest
fitness.online.app,Fitness app: home, gym workout,2.16.1,https://d.apkpure.com/b/APK/fitness.online.app?version=latest
org.monroeinstitute.expand,Expand: Beyond Meditation,1.1.9,https://d.apkpure.com/b/APK/org.monroeinstitute.expand?version=latest
com.northcube.sleepcycle,Sleep Cycle: Sleep Tracker,Varies with device,https://d.apkpure.com/b/APK/com.northcube.sleepcycle?version=latest
com.amomedia.madmuscles,MadMuscles,2.10.2,https://d.apkpure.com/b/APK/com.amomedia.madmuscles?version=latest
com.ellisapps.itrackbitesplus,Healthi: Weight Loss, Diet App,8.0,https://d.apkpure.com/b/APK/com.ellisapps.itrackbitesplus?version=latest
com.selectcomfort.SleepIQ,SleepIQ,4.8.20,https://d.apkpure.com/b/APK/com.selectcomfort.SleepIQ?version=latest
com.humana.myhumana,MyHumana,3.0.24,https://d.apkpure.com/b/APK/com.humana.myhumana?version=latest
com.tellmewow.focus,Focus - Train your Brain,2.6.7,https://d.apkpure.com/b/APK/com.tellmewow.focus?version=latest
de.komoot.android,Komoot: Bike Trails & Routes,Varies with device,https://d.apkpure.com/b/APK/de.komoot.android?version=latest
stretching.stretch.exercises.back,Stretch Exercise - Flexibility,2.0.4,https://d.apkpure.com/b/APK/stretching.stretch.exercises.back?version=latest
com.gymdone.gymworkouttrainer,Gym Workout & Personal Trainer,8.5.2,https://d.apkpure.com/b/APK/com.gymdone.gymworkouttrainer?version=latest
com.mapmyrun.android2,Map My Run by Under Armour,23.7.0,https://d.apkpure.com/b/APK/com.mapmyrun.android2?version=latest
com.datechnologies.tappingsolution,The Tapping Solution,3.14.0,https://d.apkpure.com/b/APK/com.datechnologies.tappingsolution?version=latest
org.na.naapp,NA Meeting Search,9.9,https://d.apkpure.com/b/APK/org.na.naapp?version=latest
gymworkout.gym.gymlog.gymtrainer,Gym Workout Tracker: Gym Log,1.1.10,https://d.apkpure.com/b/APK/gymworkout.gym.gymlog.gymtrainer?version=latest
com.bloodsugarmonitor.diabetes.bloodsugar,Blood Sugar - Diabetes Tracker,1.0.1,https://d.apkpure.com/b/APK/com.bloodsugarmonitor.diabetes.bloodsugar?version=latest
com.codeway.couplesapp,Couples - Better Relationships,1.3.5,https://d.apkpure.com/b/APK/com.codeway.couplesapp?version=latest
com.mcneil.zyrtec.allergycast.activity,ZYRTEC® AllergyCast®,6.12.0,https://d.apkpure.com/b/APK/com.mcneil.zyrtec.allergycast.activity?version=latest
com.mindbodyonline.connect,Mindbody: Home Workout & Fitne,7.45.3,https://d.apkpure.com/b/APK/com.mindbodyonline.connect?version=latest
legworkout.forwomen.buttocksworkout_hipsworkouts,Butt, Leg, Hips, Glute Workout,17.1.1,https://d.apkpure.com/b/APK/legworkout.forwomen.buttocksworkout_hipsworkouts?version=latest
com.hingehealth.phoenix,Hinge Health,1.121.1,https://d.apkpure.com/b/APK/com.hingehealth.phoenix?version=latest
com.amazon.healthtech.malibu,Amazon Halo,Varies with device,https://d.apkpure.com/b/APK/com.amazon.healthtech.malibu?version=latest
com.lafitness.lafitness,LA Fitness Mobile,LAF_1.215,https://d.apkpure.com/b/APK/com.lafitness.lafitness?version=latest
com.evolve.ai.soulmate.chatbot,Soulmate: Your AI Companion,1.0742,https://d.apkpure.com/b/APK/com.evolve.ai.soulmate.chatbot?version=latest
yogaworkout.dailyyoga.go.weightloss.loseweight,Yoga for Beginners Weight Loss,1.3.5,https://d.apkpure.com/b/APK/yogaworkout.dailyyoga.go.weightloss.loseweight?version=latest
com.sleepwave.app,Sleepwave : Smart Alarm Clock,1.6.0,https://d.apkpure.com/b/APK/com.sleepwave.app?version=latest
periodtracker.pregnancy.ovulationtracker,Ovulation & Period Tracker,1.089.GP,https://d.apkpure.com/b/APK/periodtracker.pregnancy.ovulationtracker?version=latest
com.ideawork.icrunch,Crunch Fitness,5.9.4,https://d.apkpure.com/b/APK/com.ideawork.icrunch?version=latest
com.diabetestracker.bloodsugarmonitor.bloodsugarchecker,Blood Sugar Tracker & Diabetes,1.0.3,https://d.apkpure.com/b/APK/com.diabetestracker.bloodsugarmonitor.bloodsugarchecker?version=latest
com.sizestream.sah,me°- three - sixty,3.4.4,https://d.apkpure.com/b/APK/com.sizestream.sah?version=latest
com.iqvia.chus.allergyplus,Allergy Plus by Pollen.com,1.8.3,https://d.apkpure.com/b/APK/com.iqvia.chus.allergyplus?version=latest
com.yc.gloryfit,Glory Fit,3.1.4,https://d.apkpure.com/b/APK/com.yc.gloryfit?version=latest
com.racejoy.racejoy,RaceJoy (Race Joy),3.1.298,https://d.apkpure.com/b/APK/com.racejoy.racejoy?version=latest
com.sillens.shapeupclub,Lifesum: Healthy Eating & Diet,Varies with device,https://d.apkpure.com/b/APK/com.sillens.shapeupclub?version=latest
com.xiaomi.wearable,Mi Fitness (Xiaomi Wear),3.15.3i,https://d.apkpure.com/b/APK/com.xiaomi.wearable?version=latest
com.pedometerclub.asd,Pedometer Club,1.0.4,https://d.apkpure.com/b/APK/com.pedometerclub.asd?version=latest
com.avibra,Avibra: Benefits for Everyone,12.14,https://d.apkpure.com/b/APK/com.avibra?version=latest
co.thefabulous.app,Fabulous Daily Routine Planner,3.76,https://d.apkpure.com/b/APK/co.thefabulous.app?version=latest
com.remind.drink.water.hourly,Water Reminder - Remind Drink ,20.0,https://d.apkpure.com/b/APK/com.remind.drink.water.hourly?version=latest
bot.touchkin,Wysa: Anxiety, therapy chatbot,3.2.1,https://d.apkpure.com/b/APK/bot.touchkin?version=latest
com.measurement.com,Blood Pressure Measurement APP,1.0.5,https://d.apkpure.com/b/APK/com.measurement.com?version=latest
cn.fitdays.fitdays,Fitdays,1.13.8,https://d.apkpure.com/b/APK/cn.fitdays.fitdays?version=latest
com.medbridgeed.hep.go,MedBridge GO for Patients,4.2.1,https://d.apkpure.com/b/APK/com.medbridgeed.hep.go?version=latest
com.veryfit2hr.second,VeryFitPro,3.3.14,https://d.apkpure.com/b/APK/com.veryfit2hr.second?version=latest
com.welltory.client.android,Welltory: Heart Rate Monitor,4.4.1,https://d.apkpure.com/b/APK/com.welltory.client.android?version=latest
sleepsounds.relaxandsleep.whitenoise,Sleep Sounds - Relax Music,1.1.1.53,https://d.apkpure.com/b/APK/sleepsounds.relaxandsleep.whitenoise?version=latest
bloodpressuremonitor.bloodpressureapp.bpmonitor,Blood Pressure Monitor,1.6.2,https://d.apkpure.com/b/APK/bloodpressuremonitor.bloodpressureapp.bpmonitor?version=latest
de.fastic.app,Fastic: Intermittent Fasting,1.128.1,https://d.apkpure.com/b/APK/de.fastic.app?version=latest
pilatesworkouts.loseweight.dailyyoga,Pilates Exercises at Home,3.1.2,https://d.apkpure.com/b/APK/pilatesworkouts.loseweight.dailyyoga?version=latest
com.fatsecret.android,Calorie Counter by FatSecret,Varies with device,https://d.apkpure.com/b/APK/com.fatsecret.android?version=latest
running.tracker.gps.map,Running App - GPS Run Tracker,1.3.7,https://d.apkpure.com/b/APK/running.tracker.gps.map?version=latest
