com.ikeyboard.theme.neon.love,Neon Love Theme,8.6.0_0329,https://d.apkpure.com/b/APK/com.ikeyboard.theme.neon.love?version=latest
com.myhomescreen.messenger.home.emoji.lite,Messenger Lite - SMS Launcher,2.8.29,https://d.apkpure.com/b/APK/com.myhomescreen.messenger.home.emoji.lite?version=latest
com.apero.calltheme.colorscreen.callflash,Call Screen: Color Call Theme,1.0.2,https://d.apkpure.com/b/APK/com.apero.calltheme.colorscreen.callflash?version=latest
ujc.junkcleaner.app,Ultra Junk Cleaner,1.0.07,https://d.apkpure.com/b/APK/ujc.junkcleaner.app?version=latest
com.iconchanger.widget.theme.shortcut,Themepack - App Icons, Widgets,1.0.0.1015,https://d.apkpure.com/b/APK/com.iconchanger.widget.theme.shortcut?version=latest
com.xiaoyu.hlight,HappyLighting,1.6.22,https://d.apkpure.com/b/APK/com.xiaoyu.hlight?version=latest
com.live.wallpapers.super3d.background,4d live wallpaper,1.9,https://d.apkpure.com/b/APK/com.live.wallpapers.super3d.background?version=latest
com.okappz.girlywallpapers,Cute Girly Wallpapers,7.7,https://d.apkpure.com/b/APK/com.okappz.girlywallpapers?version=latest
new.wallpaper.app.steampunk.energy,3D Wallpaper Steampunk Energy,5.5.1,https://d.apkpure.com/b/APK/new.wallpaper.app.steampunk.energy?version=latest
com.imangi.templerun2,Temple Run 2,1.99.0,https://d.apkpure.com/b/APK/com.imangi.templerun2?version=latest
fonts.app.cool.keyboards.themes.widgets.icons.wallpapers,FontsApp: FancyKeyboard widget,1.0.0.32.62,https://d.apkpure.com/b/APK/fonts.app.cool.keyboards.themes.widgets.icons.wallpapers?version=latest
com.applock.launcher,Shield: Antivirus Launcher,2.9.05,https://d.apkpure.com/b/APK/com.applock.launcher?version=latest
com.apusapps.launcher,APUS Launcher: Theme Launcher,3.11.0,https://d.apkpure.com/b/APK/com.apusapps.launcher?version=latest
com.wallpaperapp.hdwallpapers.livewallpaperfree.coolwallpapers,3D Wallpaper: Live Backgrounds,3.4.2,https://d.apkpure.com/b/APK/com.wallpaperapp.hdwallpapers.livewallpaperfree.coolwallpapers?version=latest
com.cutestudio.colordialer,Color Phone - Dialer & Call ID,2.1.3,https://d.apkpure.com/b/APK/com.cutestudio.colordialer?version=latest
com.mediapro.entertainment.freeringtone,Music ringtones for android,2.2.5,https://d.apkpure.com/b/APK/com.mediapro.entertainment.freeringtone?version=latest
flowerwatchfaces.floralwatchface.wearosflowerwatchface,Flower Watch Face for Wear OS,Varies with device,https://d.apkpure.com/b/APK/flowerwatchfaces.floralwatchface.wearosflowerwatchface?version=latest
com.wallpaper.express.daily,Cute Wallpapers Cool Wallpaper,1.1.7,https://d.apkpure.com/b/APK/com.wallpaper.express.daily?version=latest
com.meamobile.photoprintsnow,Photo Prints Now: CVS Photo,12.0.0,https://d.apkpure.com/b/APK/com.meamobile.photoprintsnow?version=latest
com.yandex.browser,Yandex Browser with Protect,Varies with device,https://d.apkpure.com/b/APK/com.yandex.browser?version=latest
com.eco.wallpaper.background,Wallpapers - 4K Wallpapers,3.0.78,https://d.apkpure.com/b/APK/com.eco.wallpaper.background?version=latest
com.neonstudio.anime.world.wallpapers,Anime World Wallpapers,1.5,https://d.apkpure.com/b/APK/com.neonstudio.anime.world.wallpapers?version=latest
com.tocaboca.aestheticbathroomideatocaboca,Aesthetic Bathroom Ideas Toca,1.0,https://d.apkpure.com/b/APK/com.tocaboca.aestheticbathroomideatocaboca?version=latest
com.ohjoidev.tocawednesdayaddamsbocahd,Toca Wednesday Addams Boca HD,1.0,https://d.apkpure.com/b/APK/com.ohjoidev.tocawednesdayaddamsbocahd?version=latest
com.techpro.livevideo.wallpaper,Live Wallpapers And Background,2.5.7,https://d.apkpure.com/b/APK/com.techpro.livevideo.wallpaper?version=latest
com.wallpaper4k.pandroidects.hd.hub,HD Wallpaper Hub - 4K, Live,1.0.1,https://d.apkpure.com/b/APK/com.wallpaper4k.pandroidects.hd.hub?version=latest
com.kiva.apps.wallpapers,4K Wallpaper & Live Background,4.3,https://d.apkpure.com/b/APK/com.kiva.apps.wallpapers?version=latest
com.ringpro.popular.freerings,Ringtones Songs For Android,1.5.2,https://d.apkpure.com/b/APK/com.ringpro.popular.freerings?version=latest
com.screen.edgelighting.notification,Edge Lighting: Border Light,1.1.6,https://d.apkpure.com/b/APK/com.screen.edgelighting.notification?version=latest
com.cutestudio.neonledkeyboard,Neon LED Keyboard: RGB & Emoji,3.0.6,https://d.apkpure.com/b/APK/com.cutestudio.neonledkeyboard?version=latest
com.system.launcher.ios14,Launcher for iOS 16 Style,10.8,https://d.apkpure.com/b/APK/com.system.launcher.ios14?version=latest
com.livewallpaper.changer.theme4k,HD Background: 4k Wallpaper,1.1.6,https://d.apkpure.com/b/APK/com.livewallpaper.changer.theme4k?version=latest
com.microsoft.launcher,Microsoft Launcher,6.230202.0.1091040,https://d.apkpure.com/b/APK/com.microsoft.launcher?version=latest
com.antivirus.mobilesecurity.protection.nona,Security Launcher: Antivirus,2.5.02,https://d.apkpure.com/b/APK/com.antivirus.mobilesecurity.protection.nona?version=latest
com.wallpaperscraft.wallpaper,Wallpaper 4K, HD – Wallcraft,Varies with device,https://d.apkpure.com/b/APK/com.wallpaperscraft.wallpaper?version=latest
com.rare.wallpapers,Wallpapers HD - Backgrounds 4K,3.15.0,https://d.apkpure.com/b/APK/com.rare.wallpapers?version=latest
fr.thema.wear.watch.flower,Flower Watch Face,Varies with device,https://d.apkpure.com/b/APK/fr.thema.wear.watch.flower?version=latest
com.girly.cute.kawaii.wallpapers.backgrounds.uhd4k.walltech,Girly Wallpapers,1.3.7,https://d.apkpure.com/b/APK/com.girly.cute.kawaii.wallpapers.backgrounds.uhd4k.walltech?version=latest
messenger.homescreen.launcher.app,Messages: SMS Text App,1.0.5,https://d.apkpure.com/b/APK/messenger.homescreen.launcher.app?version=latest
amonguslock.amonguslockscreen.amonglock,AmongLock: AmongUs Lock Screen,2.2.2,https://d.apkpure.com/b/APK/amonguslock.amonguslockscreen.amonglock?version=latest
com.wave.livewallpaper,Wave Live Wallpapers Maker 3D,6.0.47,https://d.apkpure.com/b/APK/com.wave.livewallpaper?version=latest
com.themekeyboard.gifkeyboard,iKeyboard: DIY Themes & Fonts,0.6.1,https://d.apkpure.com/b/APK/com.themekeyboard.gifkeyboard?version=latest
pt.elitesixty.gamecubenine,WAStickers & Memes 2023,3.0,https://d.apkpure.com/b/APK/pt.elitesixty.gamecubenine?version=latest
com.shaker.aesthetic.backgrounds,Cute Aesthetic backgrounds,1.0.6,https://d.apkpure.com/b/APK/com.shaker.aesthetic.backgrounds?version=latest
cool.fonts.symbol.keyboard.custom.fancy.text.editor,Fonts Art: Keyboard Font Maker,2.49.1,https://d.apkpure.com/b/APK/cool.fonts.symbol.keyboard.custom.fancy.text.editor?version=latest
com.wave.keyboard.theme.diamondanimatedkeyboard,Diamond Live Wallpaper HD,5.5.10,https://d.apkpure.com/b/APK/com.wave.keyboard.theme.diamondanimatedkeyboard?version=latest
com.run.systemcleaner,System Cleaner,2.8,https://d.apkpure.com/b/APK/com.run.systemcleaner?version=latest
messenger.sms.launcher.home.screen,Messenger SMS: Messages Home,1.1.3,https://d.apkpure.com/b/APK/messenger.sms.launcher.home.screen?version=latest
com.snowman.sled.running,Snowman Sled,2.35.5,https://d.apkpure.com/b/APK/com.snowman.sled.running?version=latest
helectronsoft.com.live.wallpaper.pixel4d,Pixel 4D™ Live Wallpapers,3.3.0,https://d.apkpure.com/b/APK/helectronsoft.com.live.wallpaper.pixel4d?version=latest
com.kbayu78.koala,Wallpaper Koala 4K Blue,1.2,https://d.apkpure.com/b/APK/com.kbayu78.koala?version=latest
com.simejikeyboard,Facemoji Emoji Keyboard&Fonts,3.0.8.5,https://d.apkpure.com/b/APK/com.simejikeyboard?version=latest
com.formasystems.fuelbook,Fuelbook,22.9.2,https://d.apkpure.com/b/APK/com.formasystems.fuelbook?version=latest
com.myhomescreen.news,News Home: News Home Screen,3.01.79,https://d.apkpure.com/b/APK/com.myhomescreen.news?version=latest
vault.gallery.lock,Photo Lock App - Hide Pictures,62.0,https://d.apkpure.com/b/APK/vault.gallery.lock?version=latest
fonts.keyboard.fontboard.stylish,Fonts Keyboard & Emoji No ROOT,1.0.20,https://d.apkpure.com/b/APK/fonts.keyboard.fontboard.stylish?version=latest
pt.seventyanddecals.amazonone,Anime Stickers 2023,3.0,https://d.apkpure.com/b/APK/pt.seventyanddecals.amazonone?version=latest
com.Transparent.Screen.Live.Wallpaper,Transparent Live Wallpaper,8.8,https://d.apkpure.com/b/APK/com.Transparent.Screen.Live.Wallpaper?version=latest
com.leolegaltechapps.edgelightinglighting,Fake Video Call, Prank Call,7.3,https://d.apkpure.com/b/APK/com.leolegaltechapps.edgelightinglighting?version=latest
com.flashkeyboard.leds,LED Keyboard: Emoji, Fonts,16.3.16,https://d.apkpure.com/b/APK/com.flashkeyboard.leds?version=latest
com.myhomescreen.sms,Messenger Home - SMS Launcher,3.1.31,https://d.apkpure.com/b/APK/com.myhomescreen.sms?version=latest
phone.speedup.cleanup,Cleanup Your Phone,4.1.3,https://d.apkpure.com/b/APK/phone.speedup.cleanup?version=latest
net.zedge.android,ZEDGE™ Wallpapers & Ringtones,8.4.4,https://d.apkpure.com/b/APK/net.zedge.android?version=latest
com.color.phone.screen.callscreen.callbackground.callwallpaper,Color Phone Screen Call Screen,1.2.1,https://d.apkpure.com/b/APK/com.color.phone.screen.callscreen.callbackground.callwallpaper?version=latest
com.gallery.easy.photo.editor.album.lyrical.video.status.maker,Gallery manage photos & albums,4.4,https://d.apkpure.com/b/APK/com.gallery.easy.photo.editor.album.lyrical.video.status.maker?version=latest
io.wallpaperengine.weclient,Wallpaper Engine,2.2.13,https://d.apkpure.com/b/APK/io.wallpaperengine.weclient?version=latest
fonts.keyboard.text.emoji,Fonts: Font Keyboard & Emojis,2.6.1-221107211,https://d.apkpure.com/b/APK/fonts.keyboard.text.emoji?version=latest
com.themekit.widgets.themes,ThemeKit - Themes & Widgets,5.9,https://d.apkpure.com/b/APK/com.themekit.widgets.themes?version=latest
com.apposter.watchmaker,TIMEFLIK Watch Face,8.12.8,https://d.apkpure.com/b/APK/com.apposter.watchmaker?version=latest
calleridannounce.callernameannouncer.announcer.speaker,Caller Name Announcer App,3.0.23,https://d.apkpure.com/b/APK/calleridannounce.callernameannouncer.announcer.speaker?version=latest
com.jeremysteckling.facerrel,Facer Watch Faces,Varies with device,https://d.apkpure.com/b/APK/com.jeremysteckling.facerrel?version=latest
com.babydola.launcherios,Launcher iOS 16,4.0.5,https://d.apkpure.com/b/APK/com.babydola.launcherios?version=latest
com.lbe.parallel.intl,Parallel Space - Multiple acco,4.0.9313,https://d.apkpure.com/b/APK/com.lbe.parallel.intl?version=latest
com.raisingapps.transparentlauncher.screenlivewallpaper,Transparent Camera Screen,2.40,https://d.apkpure.com/b/APK/com.raisingapps.transparentlauncher.screenlivewallpaper?version=latest
com.dream_studio.animalringtones,Animals: Ringtones,15.5,https://d.apkpure.com/b/APK/com.dream_studio.animalringtones?version=latest
com.joy.home.fun.game.launcher.android.app,JoyHome,1.5.0,https://d.apkpure.com/b/APK/com.joy.home.fun.game.launcher.android.app?version=latest
us.current.android,Make Money: Play & Earn Cash,1.186.0,https://d.apkpure.com/b/APK/us.current.android?version=latest
com.myhomescreen.access,Big Keyboard & Home Screen,3.3.44,https://d.apkpure.com/b/APK/com.myhomescreen.access?version=latest
com.teslacoilsw.launcher,Nova Launcher,Varies with device,https://d.apkpure.com/b/APK/com.teslacoilsw.launcher?version=latest
com.anime.popular.fan.art.wallpapers.backgrounds.uhd4k.walltech,Anime Wallpapers- HD | Live,1.2.5,https://d.apkpure.com/b/APK/com.anime.popular.fan.art.wallpapers.backgrounds.uhd4k.walltech?version=latest
yoshion.pictures.jigsaw,Yoshion - Pic Collage Maker,1.0.8,https://d.apkpure.com/b/APK/yoshion.pictures.jigsaw?version=latest
com.fontkeyboard.fonts,Fonts+ : Fonts Keyboard 2023,6.5.6,https://d.apkpure.com/b/APK/com.fontkeyboard.fonts?version=latest
net.appcleaner.androidapp,AppCleaner - Android Manager,3.4.1,https://d.apkpure.com/b/APK/net.appcleaner.androidapp?version=latest
com.airfind.stingray,Musicstre.am Rewards,2.0.33-stingray,https://d.apkpure.com/b/APK/com.airfind.stingray?version=latest
com.parallax3d.live.wallpapers,3D Live wallpaper - 4K&HD,1.7.1,https://d.apkpure.com/b/APK/com.parallax3d.live.wallpapers?version=latest
com.luzapplications.alessio.walloopbeta,Wall.Engine Live Wallpapers 4K,8.0,https://d.apkpure.com/b/APK/com.luzapplications.alessio.walloopbeta?version=latest
com.digitalcosmos.shimeji,Shimeji,5.1,https://d.apkpure.com/b/APK/com.digitalcosmos.shimeji?version=latest
com.myhomescreen.email,Email Home - Email Homescreen,2.11.76,https://d.apkpure.com/b/APK/com.myhomescreen.email?version=latest
com.fontskeyboard.fonts,Fonts Keyboard,5.0.16.39098,https://d.apkpure.com/b/APK/com.fontskeyboard.fonts?version=latest
text.write.font.calligraphy.writer,Fonts - Lettering Font Design,119,https://d.apkpure.com/b/APK/text.write.font.calligraphy.writer?version=latest
mobi.deallauncher.coupons.shopping,Coupons & Promo Codes,2.5.59,https://d.apkpure.com/b/APK/mobi.deallauncher.coupons.shopping?version=latest
info.androidstation.hdwallpaper,HD Wallpapers (Backgrounds),1.7.6,https://d.apkpure.com/b/APK/info.androidstation.hdwallpaper?version=latest
com.girlywallpaper.wallpapers.cutewallpaper.offlinewallpaper.butterfly.unicorns.girls,Cute Girly Wallpaper,2.0.2,https://d.apkpure.com/b/APK/com.girlywallpaper.wallpapers.cutewallpaper.offlinewallpaper.butterfly.unicorns.girls?version=latest
easy.launcher,Easy Homescreen,1.3.0,https://d.apkpure.com/b/APK/easy.launcher?version=latest
com.att.shm,Smart Home Manager,2.2302.300,https://d.apkpure.com/b/APK/com.att.shm?version=latest
com.pixelkraft.edgelighting,Edge Lighting - Borderlight,3.3.6,https://d.apkpure.com/b/APK/com.pixelkraft.edgelighting?version=latest
com.lab465.SmoreApp,Make Money & Earn Cash Rewards,2.0.33,https://d.apkpure.com/b/APK/com.lab465.SmoreApp?version=latest
cool.live.gravity4d.wallpapers.charge.widget.icon.background.uhd4k,Cool Wallpapers - Live/4D/HD,1.7.1,https://d.apkpure.com/b/APK/cool.live.gravity4d.wallpapers.charge.widget.icon.background.uhd4k?version=latest
photocollage.photomaker.piccollage6,Photo Collage Maker & Editor,3.11.2,https://d.apkpure.com/b/APK/photocollage.photomaker.piccollage6?version=latest
com.k2.consolelauncher,Console Launcher,Fermium,https://d.apkpure.com/b/APK/com.k2.consolelauncher?version=latest
com.anime.girly.pink.cute.kawaii.wallpapers.backgrounds.uhd4k,Anime Girl Wallpapers,1.2.4,https://d.apkpure.com/b/APK/com.anime.girly.pink.cute.kawaii.wallpapers.backgrounds.uhd4k?version=latest
com.car_wallpapers_collection.KTM_1290_Super_Duke_R_Wallpapers,KTM 1290 Super Duke Wallpapers,1.5,https://d.apkpure.com/b/APK/com.car_wallpapers_collection.KTM_1290_Super_Duke_R_Wallpapers?version=latest
com.screenappslock.doorscreenlock,Door Screen Lock,1.0,https://d.apkpure.com/b/APK/com.screenappslock.doorscreenlock?version=latest
com.ioslauncher.launcherios,Launcher iOS 16,2.8.5,https://d.apkpure.com/b/APK/com.ioslauncher.launcherios?version=latest
com.albn_odas_ippa,Gacha Club Outfit Ideas,1.0,https://d.apkpure.com/b/APK/com.albn_odas_ippa?version=latest
com.notificationcenter.controlcenter,iCenter OS16 - Control Center,6.2.5,https://d.apkpure.com/b/APK/com.notificationcenter.controlcenter?version=latest
com.app.anime,Anime Wallpapers Z 2021,3.0.0,https://d.apkpure.com/b/APK/com.app.anime?version=latest
com.edgeround.lightingcolors.rgb,Edge Lighting Colors - Border,82,https://d.apkpure.com/b/APK/com.edgeround.lightingcolors.rgb?version=latest
slide.watchFrenzy,WatchMaker 100,000 Watch Faces,7.6.4,https://d.apkpure.com/b/APK/slide.watchFrenzy?version=latest
com.watchfacestudio.ww6,FSW6 Watchface by FS Design,Varies with device,https://d.apkpure.com/b/APK/com.watchfacestudio.ww6?version=latest
bitpit.launcher,Niagara Launcher ‧ fresh/clean,1.8.15,https://d.apkpure.com/b/APK/bitpit.launcher?version=latest
com.ioskeyboard.usemoji,iPhone Keyboard,1.1.0,https://d.apkpure.com/b/APK/com.ioskeyboard.usemoji?version=latest
com.kebokeyboard.led.grb.starnest,Kebo Keyboard : Emoji, Fonts,28,https://d.apkpure.com/b/APK/com.kebokeyboard.led.grb.starnest?version=latest
com.mirrorai.app,Mirror: Emoji maker, Stickers,1.34.34,https://d.apkpure.com/b/APK/com.mirrorai.app?version=latest
freeringtonesforandroid.bestringtoneapp.ringtone,Ringtones songs - RingWall,1.6.0.2,https://d.apkpure.com/b/APK/freeringtonesforandroid.bestringtoneapp.ringtone?version=latest
com.SevenReborn.TocaBocaRoomIdeas.Aesthetic.wallpaper,Toca Boca Room Ideas,1.0.0,https://d.apkpure.com/b/APK/com.SevenReborn.TocaBocaRoomIdeas.Aesthetic.wallpaper?version=latest
com.redraw.keyboard,2023 Keyboard,1.351.1.176,https://d.apkpure.com/b/APK/com.redraw.keyboard?version=latest
com.sparkine.muvizedge,Always On: Edge Music Lighting,1.8.3.1,https://d.apkpure.com/b/APK/com.sparkine.muvizedge?version=latest
com.samabox.remix,Remix - Emoji Mashup & Sticker,1.1,https://d.apkpure.com/b/APK/com.samabox.remix?version=latest
com.hdwallpapers.hdbackgrounds.offlinewallpaper.awesomepictures,Best Wallpaper HD - Offline,2.0.2,https://d.apkpure.com/b/APK/com.hdwallpapers.hdbackgrounds.offlinewallpaper.awesomepictures?version=latest
alexapp.echodot.echoplus.tap.com,Voice for Alex App,1.1,https://d.apkpure.com/b/APK/alexapp.echodot.echoplus.tap.com?version=latest
com.clean.fast.launcher,AI Launcher-Assistant&Chatbot,2.1.0,https://d.apkpure.com/b/APK/com.clean.fast.launcher?version=latest
com.herman.ringtone,Ringtone Maker:create ringtone,Varies with device,https://d.apkpure.com/b/APK/com.herman.ringtone?version=latest
com.launcheros15.ilauncher,Launcher iOS16 - iLauncher,1.7.4,https://d.apkpure.com/b/APK/com.launcheros15.ilauncher?version=latest
com.skytek.animals.ringtone,Animals & Birds Ringtones,2.55,https://d.apkpure.com/b/APK/com.skytek.animals.ringtone?version=latest
com.abandblw.lwpneonauto,Neon Cars Wallpaper HD: Themes,20.7,https://d.apkpure.com/b/APK/com.abandblw.lwpneonauto?version=latest
com.hadev.demonslayer.kimetsunoyaibawallpapers,Demon Slayer Wallpaper Kimetsu,1.0.2,https://d.apkpure.com/b/APK/com.hadev.demonslayer.kimetsunoyaibawallpapers?version=latest
com.sitilight.gacha,Gacha HD,0.5,https://d.apkpure.com/b/APK/com.sitilight.gacha?version=latest
com.zhekapps.leddigitalclock,SmartClock - LED Digital Clock,10.1.0,https://d.apkpure.com/b/APK/com.zhekapps.leddigitalclock?version=latest
com.nut.id.sticker,Animated Sticker Maker for WA,2.10.08,https://d.apkpure.com/b/APK/com.nut.id.sticker?version=latest
com.ultimate.theme.changer,Ultimate Themes - DIY widgets,0.6.7,https://d.apkpure.com/b/APK/com.ultimate.theme.changer?version=latest
transparentwallpaper.live.wallpapers.screen,Transparent - Live Wallpapers,1.4.1,https://d.apkpure.com/b/APK/transparentwallpaper.live.wallpapers.screen?version=latest
com.a2xstudio.royal.door.lock.screen.free,Royal Door Lock Screen,9.8,https://d.apkpure.com/b/APK/com.a2xstudio.royal.door.lock.screen.free?version=latest
com.findmyphone.findphone,Find My Phone by Clap,1.3.2,https://d.apkpure.com/b/APK/com.findmyphone.findphone?version=latest
com.halokeyboard.led.theme.rgb,Halo Wallpapers - 4K, HD Theme,6.6.9.572,https://d.apkpure.com/b/APK/com.halokeyboard.led.theme.rgb?version=latest
com.fakeChat.black.pinkStudio,fake chat Black pink : with li,4.0,https://d.apkpure.com/b/APK/com.fakeChat.black.pinkStudio?version=latest
rk.android.app.shortcutmaker,Shortcut Maker,4.2.2,https://d.apkpure.com/b/APK/rk.android.app.shortcutmaker?version=latest
com.ammarptn.willow.digital.watch.face,Willow - Photo Watch face,3.3.2,https://d.apkpure.com/b/APK/com.ammarptn.willow.digital.watch.face?version=latest
com.phone.caller.ringtone.my.name.ringtone.maker,My Name Ringtone Maker,2.47,https://d.apkpure.com/b/APK/com.phone.caller.ringtone.my.name.ringtone.maker?version=latest
wibert.toca_wednesday_addams_hd_wallpapers.toca_boca_life_world_family_addams_granny_images,Toca Wednesday Boca Wallpapers,7.1,https://d.apkpure.com/b/APK/wibert.toca_wednesday_addams_hd_wallpapers.toca_boca_life_world_family_addams_granny_images?version=latest
com.wallpaper4k.livewallpaperapp.changer,4K Wallpapers, HD Backgrounds,20.1,https://d.apkpure.com/b/APK/com.wallpaper4k.livewallpaperapp.changer?version=latest
me.craftsapp.video.wallpaper,Video Live Wallpaper Maker,3.12.3,https://d.apkpure.com/b/APK/me.craftsapp.video.wallpaper?version=latest
com.baldiBasics.Fortnitebattlegrounde,Battle Royale  Guide,200.0,https://d.apkpure.com/b/APK/com.baldiBasics.Fortnitebattlegrounde?version=latest
stickermaker.stickercreater.whatsappstickers.stickermakerforwhatsapp,Sticker Maker for WhatsApp,1.01.40.02.08,https://d.apkpure.com/b/APK/stickermaker.stickercreater.whatsappstickers.stickermakerforwhatsapp?version=latest
com.mgapp.wall.newhdwall,4K Wallpaper,1.3.1,https://d.apkpure.com/b/APK/com.mgapp.wall.newhdwall?version=latest
hd.uhd.live.wallpapers.topwallpapers,Live Wallpapers, 4K Wallpapers,2.5.3,https://d.apkpure.com/b/APK/hd.uhd.live.wallpapers.topwallpapers?version=latest
com.colorflash.callerscreen,Call Screen Themes - Blingcall,1.7.1,https://d.apkpure.com/b/APK/com.colorflash.callerscreen?version=latest
com.livewallpaper.charge.diywallpaper,Fantasy Wallpaper : DIY Theme,0.6.3,https://d.apkpure.com/b/APK/com.livewallpaper.charge.diywallpaper?version=latest
find.my.phone.by.clapping,Find my phone clap - finder,6.4,https://d.apkpure.com/b/APK/find.my.phone.by.clapping?version=latest
com.sitilight.tocaboca_wednesday,Toca Wednesday Boca HD,0.3,https://d.apkpure.com/b/APK/com.sitilight.tocaboca_wednesday?version=latest
com.aestheticwallpaper.girlywallpaper.cute.panda.butterflies.kawaii.offlinewallpaper,Cute Aesthetic Wallpaper,4.0.4,https://d.apkpure.com/b/APK/com.aestheticwallpaper.girlywallpaper.cute.panda.butterflies.kawaii.offlinewallpaper?version=latest
com.livewallpapers.animebackgroundwallpaper,Anime Wallpaper HD 4K,5.1.0,https://d.apkpure.com/b/APK/com.livewallpapers.animebackgroundwallpaper?version=latest
com.usadesign.usasimplygrey,UsA Simply Grey - USA106,Varies with device,https://d.apkpure.com/b/APK/com.usadesign.usasimplygrey?version=latest
com.kawaii.cutewallpapers.girlybackground,Cute Aesthetic Wallpapers Live,2.0,https://d.apkpure.com/b/APK/com.kawaii.cutewallpapers.girlybackground?version=latest
com.nudl.wallapp.hdwall,Wallpaper Gallery,1.1.7,https://d.apkpure.com/b/APK/com.nudl.wallapp.hdwall?version=latest
com.colorcallscreen.ledflash.stylishedge,Color Call Screen Themes,2.5,https://d.apkpure.com/b/APK/com.colorcallscreen.ledflash.stylishedge?version=latest
mrctotrsev.trsev.trsevnewkeyboardthemes,Photo Keyboard Themes,10,https://d.apkpure.com/b/APK/mrctotrsev.trsev.trsevnewkeyboardthemes?version=latest
com.negroni.android.iconchanger.app,Icon Changer, Photo File Vault,1.9,https://d.apkpure.com/b/APK/com.negroni.android.iconchanger.app?version=latest
com.galaxy.glitter.live.wallpaper,Glitter Live Wallpaper,1.99,https://d.apkpure.com/b/APK/com.galaxy.glitter.live.wallpaper?version=latest
helectronsoft.com.grubl.live.wallpapers3d,GRUBL™ 4D Live Wallpapers + AI,3.6.3,https://d.apkpure.com/b/APK/helectronsoft.com.grubl.live.wallpapers3d?version=latest
fr.thema.wear.watch.rtype,R-Type Watch Face,Varies with device,https://d.apkpure.com/b/APK/fr.thema.wear.watch.rtype?version=latest
com.wallpaper.wallpapers.fortnite,Wallpapers for Fortnite skins,37.0,https://d.apkpure.com/b/APK/com.wallpaper.wallpapers.fortnite?version=latest
com.ikeyboard.theme.pink.rgb.heart,Pink RGB Heart Theme,8.6.0_0404,https://d.apkpure.com/b/APK/com.ikeyboard.theme.pink.rgb.heart?version=latest
com.happyverse.nicknameforgamers,Nickname Fire: Nickfinder App,5.6,https://d.apkpure.com/b/APK/com.happyverse.nicknameforgamers?version=latest
com.ils.charginganimator,Ultra Charging Animation App,1.4.7,https://d.apkpure.com/b/APK/com.ils.charginganimator?version=latest
com.livewallpaper3D.cool.wallpapers.free.wallpaper4K.parallax,3D Wallpaper - Cool Wallpapers,3.1.11,https://d.apkpure.com/b/APK/com.livewallpaper3D.cool.wallpapers.free.wallpaper4K.parallax?version=latest
com.magicwidget.themepack.iconchanger.allfree,MagicWidgets: Themepack & Icon,1.0.0,https://d.apkpure.com/b/APK/com.magicwidget.themepack.iconchanger.allfree?version=latest
com.gameso.rainbow_friends_craft_mcpe,Project huggy Mod MCPE,1.0.0,https://d.apkpure.com/b/APK/com.gameso.rainbow_friends_craft_mcpe?version=latest
valentine.wallpaper.year.spring.zedge.thmepack,Cool Wallpaper-Widget&DIY,1.0,https://d.apkpure.com/b/APK/valentine.wallpaper.year.spring.zedge.thmepack?version=latest
com.luutinhit.launcherios,Launcher iOS 16,6.8.8,https://d.apkpure.com/b/APK/com.luutinhit.launcherios?version=latest
com.launcher.smart.android,CMM Launcher,3.12.0,https://d.apkpure.com/b/APK/com.launcher.smart.android?version=latest
com.cool.anime.boy.wallpapers.backgrounds.uhd4k,Anime Boy Wallpapers,1.3.0,https://d.apkpure.com/b/APK/com.cool.anime.boy.wallpapers.backgrounds.uhd4k?version=latest
hyde.android.launcher3,Hyde App Hider - Hide Apps,1.3.4,https://d.apkpure.com/b/APK/hyde.android.launcher3?version=latest
com.real.launcher.wp.ten,Win 11 Launcher,8.81,https://d.apkpure.com/b/APK/com.real.launcher.wp.ten?version=latest
com.wave.keyboard,Wave Animated Keyboard Emoji,1.70.7,https://d.apkpure.com/b/APK/com.wave.keyboard?version=latest
com.wallsfactory.wandroidehdctse.wallpaper,WallsFactory - 4K HD Wallpaper,1.0.0,https://d.apkpure.com/b/APK/com.wallsfactory.wandroidehdctse.wallpaper?version=latest
info.androidstation.qhdwallpaper,Wallpapers,1.4.7,https://d.apkpure.com/b/APK/info.androidstation.qhdwallpaper?version=latest
com.ringtone.wallpaper.app2022,Social Ringtone, Wallpapers,4.1,https://d.apkpure.com/b/APK/com.ringtone.wallpaper.app2022?version=latest
com.ikeyboard.theme.thunder.neon.wolf,Thunder Neon Wolf Theme,8.5.0_0223,https://d.apkpure.com/b/APK/com.ikeyboard.theme.thunder.neon.wolf?version=latest
io.hexman.xiconchanger,X Icon Changer - Change Icons,4.2.3,https://d.apkpure.com/b/APK/io.hexman.xiconchanger?version=latest
com.velociraptor.claw.swift,Velociraptor,2.37.3,https://d.apkpure.com/b/APK/com.velociraptor.claw.swift?version=latest
ginlemon.flowerfree,Smart Launcher 6,6.2 build 014,https://d.apkpure.com/b/APK/ginlemon.flowerfree?version=latest
com.black.wallpaper.amold.dark.wallpaper,Black Wallpaper HD Background,1.4,https://d.apkpure.com/b/APK/com.black.wallpaper.amold.dark.wallpaper?version=latest
com.tuanfadbg.controlcenterios,Control Center Screen Recorder,2.5.2.13.11,https://d.apkpure.com/b/APK/com.tuanfadbg.controlcenterios?version=latest
app.lock.fingerprint.animation.live,Fingerprint Live Animation,1.4,https://d.apkpure.com/b/APK/app.lock.fingerprint.animation.live?version=latest
cool.wallpapers.live.keyboard.steampunk.pipes,Cool Wallpapers HD Steampunk,5.5.1,https://d.apkpure.com/b/APK/cool.wallpapers.live.keyboard.steampunk.pipes?version=latest
co.pamobile.minecraft.addonsmaker,AddOns Maker for Minecraft PE,2.15.0,https://d.apkpure.com/b/APK/co.pamobile.minecraft.addonsmaker?version=latest
com.glitter.sparkle.diamond.wallpapers.backgrounds.uhd4k,Glitter Wallpaper,1.2.0,https://d.apkpure.com/b/APK/com.glitter.sparkle.diamond.wallpapers.backgrounds.uhd4k?version=latest
com.bejo.Toca.Boca.Room.Ideas,Toca Boca Room Ideas,1.0.0,https://d.apkpure.com/b/APK/com.bejo.Toca.Boca.Room.Ideas?version=latest
com.sparkistic.photowear,PhotoWear Classic Watch Face,4.6.17,https://d.apkpure.com/b/APK/com.sparkistic.photowear?version=latest
com.biggestanimefan.anime.wallpaper,Anime Wallpaper,1.0.10,https://d.apkpure.com/b/APK/com.biggestanimefan.anime.wallpaper?version=latest
live.wallpaper.livewall,Live Backgrounds & Lockscreen ,1.6.8,https://d.apkpure.com/b/APK/live.wallpaper.livewall?version=latest
com.xos.iphonex.iphone.applelauncher,Launcher xPhone,8.8.2,https://d.apkpure.com/b/APK/com.xos.iphonex.iphone.applelauncher?version=latest
themify.aesthetic.themes.widget.wallpaper.app.icon.changer.pack,Themify: Theme & Icon Changer,1.3.5,https://d.apkpure.com/b/APK/themify.aesthetic.themes.widget.wallpaper.app.icon.changer.pack?version=latest
com.recreative.recreative03,RE 03 - Digital Watch Face,Varies with device,https://d.apkpure.com/b/APK/com.recreative.recreative03?version=latest
shy.smartled,duoCo Strip,5.3.4,https://d.apkpure.com/b/APK/shy.smartled?version=latest
com.machinga.zombiewaves1_1,Zombie Waves 3D,1.2.5,https://d.apkpure.com/b/APK/com.machinga.zombiewaves1_1?version=latest
com.wallpapers.hdbackgrounds.wednesday.addams,Wednesday Addams Wallpapers 4K,1.0.0.1,https://d.apkpure.com/b/APK/com.wallpapers.hdbackgrounds.wednesday.addams?version=latest
com.bluelightech.ultra4kwallpaper,4K Wallpaper & HD Background,5.1.27,https://d.apkpure.com/b/APK/com.bluelightech.ultra4kwallpaper?version=latest
com.helectronsoft.free.live.wallpaper.parallax.background,Parallax 3D Live Wallpapers,3.7.0,https://d.apkpure.com/b/APK/com.helectronsoft.free.live.wallpaper.parallax.background?version=latest
com.mynamecubeapps.myname,3D My Name Live Wallpaper,3.65,https://d.apkpure.com/b/APK/com.mynamecubeapps.myname?version=latest
com.thegosa.miuithemes,Themes,5.3,https://d.apkpure.com/b/APK/com.thegosa.miuithemes?version=latest
com.vinwap.glitter,Girly Glitter Wallpaper Glitzy,3.0.28,https://d.apkpure.com/b/APK/com.vinwap.glitter?version=latest
