com.cardinalblue.piccollage.google,Varies with device,https://d.apkpure.com/b/APK/com.cardinalblue.piccollage.google?version=latest
com.photoaffections.wrendaus,2.46.0,https://d.apkpure.com/b/APK/com.photoaffections.wrendaus?version=latest
com.cooingdv.rcfpv,1.4.2,https://d.apkpure.com/b/APK/com.cooingdv.rcfpv?version=latest
collage.photocollage.collagemaker.photoeditor.photogrid,2.6.19,https://d.apkpure.com/b/APK/collage.photocollage.collagemaker.photoeditor.photogrid?version=latest
com.lensa.app,4.3.7+711,https://d.apkpure.com/b/APK/com.lensa.app?version=latest
com.planetart.fpgifts.ww,57.0.1,https://d.apkpure.com/b/APK/com.planetart.fpgifts.ww?version=latest
mobi.charmer.fotocollage,6.3.1.1,https://d.apkpure.com/b/APK/mobi.charmer.fotocollage?version=latest
com.linecorp.b612.android,12.0.20,https://d.apkpure.com/b/APK/com.linecorp.b612.android?version=latest
com.shutterfly,10.7.0,https://d.apkpure.com/b/APK/com.shutterfly?version=latest
com.textonphoto.niceandfun.foryou,1.0.8,https://d.apkpure.com/b/APK/com.textonphoto.niceandfun.foryou?version=latest
com.photo.android.camera,5.7.2,https://d.apkpure.com/b/APK/com.photo.android.camera?version=latest
com.footej.camera2,1.1.5,https://d.apkpure.com/b/APK/com.footej.camera2?version=latest
com.cyberlink.photodirector,17.8.0,https://d.apkpure.com/b/APK/com.cyberlink.photodirector?version=latest
com.ror.removal,4.4.3.5,https://d.apkpure.com/b/APK/com.ror.removal?version=latest
com.photoappworld.photo.sticker.creator.wastickerapps,1.9.6.4,https://d.apkpure.com/b/APK/com.photoappworld.photo.sticker.creator.wastickerapps?version=latest
com.app.inmatephotos,1.3.2,https://d.apkpure.com/b/APK/com.app.inmatephotos?version=latest
photocollage.photoeditor.collagemaker,1.407.219,https://d.apkpure.com/b/APK/photocollage.photoeditor.collagemaker?version=latest
gallery.photomanager.picturegalleryapp.imagegallery,5.3.0,https://d.apkpure.com/b/APK/gallery.photomanager.picturegalleryapp.imagegallery?version=latest
com.imaginstudio.imagetools.pixellab,Varies with device,https://d.apkpure.com/b/APK/com.imaginstudio.imagetools.pixellab?version=latest
com.magic.retouch,2.1.6.1,https://d.apkpure.com/b/APK/com.magic.retouch?version=latest
com.vsco.cam,317,https://d.apkpure.com/b/APK/com.vsco.cam?version=latest
com.lyrebirdstudio.facelab,3.3.0,https://d.apkpure.com/b/APK/com.lyrebirdstudio.facelab?version=latest
xprocamera.hd.camera,1.0.16,https://d.apkpure.com/b/APK/xprocamera.hd.camera?version=latest
com.tickettothemoon.persona,1.6.44,https://d.apkpure.com/b/APK/com.tickettothemoon.persona?version=latest
com.bigwinepot.nwdn.international,3.7.194.202189778,https://d.apkpure.com/b/APK/com.bigwinepot.nwdn.international?version=latest
photo.android.hd.camera,6.1.2.0,https://d.apkpure.com/b/APK/photo.android.hd.camera?version=latest
com.handycloset.android.eraser,Varies with device,https://d.apkpure.com/b/APK/com.handycloset.android.eraser?version=latest
beauty.makeup.cosmo.app,1.4.1,https://d.apkpure.com/b/APK/beauty.makeup.cosmo.app?version=latest
com.snapfish.mobile,14.7.0,https://d.apkpure.com/b/APK/com.snapfish.mobile?version=latest
hd.camera,1.3.7,https://d.apkpure.com/b/APK/hd.camera?version=latest
com.vicman.toonmeapp,Varies with device,https://d.apkpure.com/b/APK/com.vicman.toonmeapp?version=latest
com.jeyluta.timestampcamerafree,Varies with device,https://d.apkpure.com/b/APK/com.jeyluta.timestampcamerafree?version=latest
com.google.android.apps.photos.scanner,1.5.2.242191532,https://d.apkpure.com/b/APK/com.google.android.apps.photos.scanner?version=latest
com.adobe.lrmobile,8.2.3,https://d.apkpure.com/b/APK/com.adobe.lrmobile?version=latest
timewarpscanner.facescan.timewarp.timewarpscan,1.141.24,https://d.apkpure.com/b/APK/timewarpscanner.facescan.timewarp.timewarpscan?version=latest
com.iudesk.android.photo.editor,8.5,https://d.apkpure.com/b/APK/com.iudesk.android.photo.editor?version=latest
photoeditor.photocollage.fotogrid.photogrid,1.141.15,https://d.apkpure.com/b/APK/photoeditor.photocollage.fotogrid.photogrid?version=latest
com.media.zatashima.studio,Varies with device,https://d.apkpure.com/b/APK/com.media.zatashima.studio?version=latest
com.smartwidgetlabs.djidrone,2.3,https://d.apkpure.com/b/APK/com.smartwidgetlabs.djidrone?version=latest
com.lyrebirdstudio.photo_background_changer,1.3.5,https://d.apkpure.com/b/APK/com.lyrebirdstudio.photo_background_changer?version=latest
com.mobile.bizo.tattoo.two,3.1.36,https://d.apkpure.com/b/APK/com.mobile.bizo.tattoo.two?version=latest
photo.beauty.sticker.ar.camera,2.6.6,https://d.apkpure.com/b/APK/photo.beauty.sticker.ar.camera?version=latest
com.prequel.app,1.63.1,https://d.apkpure.com/b/APK/com.prequel.app?version=latest
com.type.cartoon.video,1.6.0,https://d.apkpure.com/b/APK/com.type.cartoon.video?version=latest
com.dumplingsandwich.pencilsketch,7.7.1,https://d.apkpure.com/b/APK/com.dumplingsandwich.pencilsketch?version=latest
ai.photo.enhancer.photoclear,1.0.10,https://d.apkpure.com/b/APK/ai.photo.enhancer.photoclear?version=latest
com.lightricks.facetune.free,2.18.0.3-free,https://d.apkpure.com/b/APK/com.lightricks.facetune.free?version=latest
com.ai.polyverse.mirror,2.0.2,https://d.apkpure.com/b/APK/com.ai.polyverse.mirror?version=latest
com.photoaffections.freeprints,3.71.1,https://d.apkpure.com/b/APK/com.photoaffections.freeprints?version=latest
com.lyrebirdstudio.toonart,2.0.0.1,https://d.apkpure.com/b/APK/com.lyrebirdstudio.toonart?version=latest
com.everimaging.photoeffectstudio,7.3.29.200,https://d.apkpure.com/b/APK/com.everimaging.photoeffectstudio?version=latest
gallery.photogallery.pictures.vault.album,1.0.4.0,https://d.apkpure.com/b/APK/gallery.photogallery.pictures.vault.album?version=latest
com.vysionapps.face28,2.0.12,https://d.apkpure.com/b/APK/com.vysionapps.face28?version=latest
com.text.art.addtext.textonphoto,2.4.0,https://d.apkpure.com/b/APK/com.text.art.addtext.textonphoto?version=latest
com.gallery.picturegallery.photomanager,17.0,https://d.apkpure.com/b/APK/com.gallery.picturegallery.photomanager?version=latest
com.niksoftware.snapseed,Varies with device,https://d.apkpure.com/b/APK/com.niksoftware.snapseed?version=latest
com.toonpics.cam,1.3.8,https://d.apkpure.com/b/APK/com.toonpics.cam?version=latest
com.scaleup.photofx,2.1.8,https://d.apkpure.com/b/APK/com.scaleup.photofx?version=latest
com.tikipiceditor.android.photoeditapp,1.17.1,https://d.apkpure.com/b/APK/com.tikipiceditor.android.photoeditapp?version=latest
com.camerasideas.instashot,1.912.1397,https://d.apkpure.com/b/APK/com.camerasideas.instashot?version=latest
com.picsart.studio,Varies with device,https://d.apkpure.com/b/APK/com.picsart.studio?version=latest
com.photoedit.photoframe.photocut,2.1,https://d.apkpure.com/b/APK/com.photoedit.photoframe.photocut?version=latest
com.tikipcamera.android.cameraapp,1.3.2,https://d.apkpure.com/b/APK/com.tikipcamera.android.cameraapp?version=latest
com.lyrebirdstudio.face_camera,1.8.6,https://d.apkpure.com/b/APK/com.lyrebirdstudio.face_camera?version=latest
com.timewarpscan.timewarp.facescanner.facefilter.warpscan.bluefilter,1.15,https://d.apkpure.com/b/APK/com.timewarpscan.timewarp.facescanner.facefilter.warpscan.bluefilter?version=latest
com.vyroai.photoenhancer,4.1.2,https://d.apkpure.com/b/APK/com.vyroai.photoenhancer?version=latest
com.codeway.pixelup,1.8.5,https://d.apkpure.com/b/APK/com.codeway.pixelup?version=latest
com.photoeditor.beautycamera.facemakeup,1.2.9.20230330,https://d.apkpure.com/b/APK/com.photoeditor.beautycamera.facemakeup?version=latest
com.kii.safe,11.4.0,https://d.apkpure.com/b/APK/com.kii.safe?version=latest
com.amazon.clouddrive.photos,Varies with device,https://d.apkpure.com/b/APK/com.amazon.clouddrive.photos?version=latest
com.culnissgoal.culnissgoal,1.0.9,https://d.apkpure.com/b/APK/com.culnissgoal.culnissgoal?version=latest
photoeditor.cutout.backgrounderaser,2.16.44,https://d.apkpure.com/b/APK/photoeditor.cutout.backgrounderaser?version=latest
com.commsource.beautyplus,7.6.010,https://d.apkpure.com/b/APK/com.commsource.beautyplus?version=latest
com.photoappworld.cut.paste.photo,2.5.1,https://d.apkpure.com/b/APK/com.photoappworld.cut.paste.photo?version=latest
com.lyrebirdstudio.colorizer.lite,2.3.6,https://d.apkpure.com/b/APK/com.lyrebirdstudio.colorizer.lite?version=latest
com.cateater.stopmotionstudio,7.1.1,https://d.apkpure.com/b/APK/com.cateater.stopmotionstudio?version=latest
com.google.android.apps.photos,Varies with device,https://d.apkpure.com/b/APK/com.google.android.apps.photos?version=latest
io.faceapp,11.4.1,https://d.apkpure.com/b/APK/io.faceapp?version=latest
com.google.android.apps.photosgo,1.9.0.473991075 release,https://d.apkpure.com/b/APK/com.google.android.apps.photosgo?version=latest
com.photoroom.app,4.4.6,https://d.apkpure.com/b/APK/com.photoroom.app?version=latest
com.cyberlink.youcammakeup,6.7.0,https://d.apkpure.com/b/APK/com.cyberlink.youcammakeup?version=latest
com.vyroai.objectremover,3.0.8,https://d.apkpure.com/b/APK/com.vyroai.objectremover?version=latest
com.lyrebirdstudio.art,2.5.9,https://d.apkpure.com/b/APK/com.lyrebirdstudio.art?version=latest
photoeditor.layout.collagemaker,2.143.124,https://d.apkpure.com/b/APK/photoeditor.layout.collagemaker?version=latest
com.xt.retouchoversea,1.2.1,https://d.apkpure.com/b/APK/com.xt.retouchoversea?version=latest
com.magicv.airbrush,5.5.0,https://d.apkpure.com/b/APK/com.magicv.airbrush?version=latest
com.timewarp.scan.bluelinefiltertiktok.free,3.4,https://d.apkpure.com/b/APK/com.timewarp.scan.bluelinefiltertiktok.free?version=latest
com.cyberlink.youperfect,Varies with device,https://d.apkpure.com/b/APK/com.cyberlink.youperfect?version=latest
net.frameo.app,Varies with device,https://d.apkpure.com/b/APK/net.frameo.app?version=latest
photo.editor.photoeditor.photoeditorpro,1.436.140,https://d.apkpure.com/b/APK/photo.editor.photoeditor.photoeditorpro?version=latest
photo.editor.collage.maker.photoeditor,1.2.9.0,https://d.apkpure.com/b/APK/photo.editor.collage.maker.photoeditor?version=latest
photo.editor.photoeditor.filtersforpictures,1.551.124,https://d.apkpure.com/b/APK/photo.editor.photoeditor.filtersforpictures?version=latest
net.sourceforge.opencamera,1.51.1,https://d.apkpure.com/b/APK/net.sourceforge.opencamera?version=latest
vsin.t16_funny_photo,Varies with device,https://d.apkpure.com/b/APK/vsin.t16_funny_photo?version=latest
com.adobe.psmobile,9.2.57,https://d.apkpure.com/b/APK/com.adobe.psmobile?version=latest
com.lyrebirdstudio.cartoon,2.6.1,https://d.apkpure.com/b/APK/com.lyrebirdstudio.cartoon?version=latest
com.vyroai.photoeditorone,2.14.0,https://d.apkpure.com/b/APK/com.vyroai.photoeditorone?version=latest
com.mt.mtxx.mtxx,9.8.4.6,https://d.apkpure.com/b/APK/com.mt.mtxx.mtxx?version=latest
video.mojo,2.3.6,https://d.apkpure.com/b/APK/video.mojo?version=latest
com.wtmp.svdsoftware,6.3.3,https://d.apkpure.com/b/APK/com.wtmp.svdsoftware?version=latest
com.rivatech.nightmodecameranew,17.0,https://d.apkpure.com/b/APK/com.rivatech.nightmodecameranew?version=latest
