com.google.earth,Google Earth,Varies with device,https://d.apkpure.com/b/APK/com.google.earth?version=latest
com.ihg.apps.android,IHG Hotels & Rewards,5.19.1,https://d.apkpure.com/b/APK/com.ihg.apps.android?version=latest
gov.dhs.cbp.pspd.mpc,Mobile Passport Control,1.6.1,https://d.apkpure.com/b/APK/gov.dhs.cbp.pspd.mpc?version=latest
com.hertz.android.digital,Hertz Car Rental,4.38.0,https://d.apkpure.com/b/APK/com.hertz.android.digital?version=latest
com.priceline.android.negotiator,Priceline: Hotel, Flight & Car,7.2.258,https://d.apkpure.com/b/APK/com.priceline.android.negotiator?version=latest
com.viator.mobile.android,Viator: Tours & Tickets,11.2.0,https://d.apkpure.com/b/APK/com.viator.mobile.android?version=latest
com.sygic.familywhere.android,Find my Phone - Family Locator,6.9.14,https://d.apkpure.com/b/APK/com.sygic.familywhere.android?version=latest
com.Sunpass.Sunpass_Android,SunPass,6.4.3,https://d.apkpure.com/b/APK/com.Sunpass.Sunpass_Android?version=latest
com.kontron.breeze,Breeze Mobile 2,2.3.588,https://d.apkpure.com/b/APK/com.kontron.breeze?version=latest
toppy.talkingpets.my,Talking Animals,1.4.16,https://d.apkpure.com/b/APK/toppy.talkingpets.my?version=latest
com.spirit.customerapp,Spirit Airlines,2.17.1,https://d.apkpure.com/b/APK/com.spirit.customerapp?version=latest
com.daon.glide.person.android,VeriFLY: Fast Digital Identity,1.5.3.3,https://d.apkpure.com/b/APK/com.daon.glide.person.android?version=latest
com.roadtrippers,Roadtrippers - Trip Planner,2.8.4.3004,https://d.apkpure.com/b/APK/com.roadtrippers?version=latest
com.expedia.bookings,Expedia: Hotels, Flights & Car,23.15.0,https://d.apkpure.com/b/APK/com.expedia.bookings?version=latest
kulana.tools.vacationcountdown,Vacation Countdown App,2.72,https://d.apkpure.com/b/APK/kulana.tools.vacationcountdown?version=latest
com.rover.android,Rover - Dog Boarding & Walking,23.0405.02,https://d.apkpure.com/b/APK/com.rover.android?version=latest
com.relayrides.android.relayrides,Turo,23.14.1,https://d.apkpure.com/b/APK/com.relayrides.android.relayrides?version=latest
com.vrbo.android,Vrbo Vacation Rentals,2023.8.1.51,https://d.apkpure.com/b/APK/com.vrbo.android?version=latest
gov.nps.mobileapp,National Park Service,1.6.2,https://d.apkpure.com/b/APK/gov.nps.mobileapp?version=latest
gov.la.omv.lawallet,LA Wallet,2.0.362,https://d.apkpure.com/b/APK/gov.la.omv.lawallet?version=latest
com.bharatpe.app,BharatPe for Merchants,3.2.7,https://d.apkpure.com/b/APK/com.bharatpe.app?version=latest
com.thedyrt.wayfinder,The Dyrt: Tent & RV Camping,4.5.3,https://d.apkpure.com/b/APK/com.thedyrt.wayfinder?version=latest
com.clearme.clearapp,CLEAR - Travel & Experiences,2.0.0,https://d.apkpure.com/b/APK/com.clearme.clearapp?version=latest
com.hoteltonight.android.prod,HotelTonight: Hotel Deals,22.5.0,https://d.apkpure.com/b/APK/com.hoteltonight.android.prod?version=latest
com.upside.consumer.android,Upside: Cash Back - Gas & Food,7.7,https://d.apkpure.com/b/APK/com.upside.consumer.android?version=latest
com.kayak.android,KAYAK: Flights, Hotels & Cars,Varies with device,https://d.apkpure.com/b/APK/com.kayak.android?version=latest
com.skiplagged,Skiplagged - Exclusive Flights,Varies with device,https://d.apkpure.com/b/APK/com.skiplagged?version=latest
com.booking,Booking.com: Hotels and more,Varies with device,https://d.apkpure.com/b/APK/com.booking?version=latest
com.fp.cheapoair,CheapOair: Cheap Flight Deals,4.0.79,https://d.apkpure.com/b/APK/com.fp.cheapoair?version=latest
com.google.android.apps.maps,Google Maps,Varies with device,https://d.apkpure.com/b/APK/com.google.android.apps.maps?version=latest
com.limebike,Lime - #RideGreen,3.104.1,https://d.apkpure.com/b/APK/com.limebike?version=latest
com.grabtaxi.passenger,Grab - Taxi & Food Delivery,5.249.0,https://d.apkpure.com/b/APK/com.grabtaxi.passenger?version=latest
co.bird.android,Bird — Ride Electric,4.237.0.8,https://d.apkpure.com/b/APK/co.bird.android?version=latest
com.trivago,trivago: Compare hotel prices,5.86.0,https://d.apkpure.com/b/APK/com.trivago?version=latest
com.agoda.mobile.consumer,Agoda,11.14.0,https://d.apkpure.com/b/APK/com.agoda.mobile.consumer?version=latest
com.buschgardens.mobile,Busch Gardens,7.0.33.70643,https://d.apkpure.com/b/APK/com.buschgardens.mobile?version=latest
com.compass.weatherforecast.navigation2021,Digital Compass for Android,15.69,https://d.apkpure.com/b/APK/com.compass.weatherforecast.navigation2021?version=latest
com.universalstudios.hollywoodresort,Universal Hollywood™ App,1.52.0,https://d.apkpure.com/b/APK/com.universalstudios.hollywoodresort?version=latest
com.valero.wholesale.valeropay,ValeroPay+,4.16.0,https://d.apkpure.com/b/APK/com.valero.wholesale.valeropay?version=latest
com.earthmap.location.tracker.shareaddress.routefinder,Satellite View Earth Globe Map,1.5.6,https://d.apkpure.com/b/APK/com.earthmap.location.tracker.shareaddress.routefinder?version=latest
com.gpsdistance.speedometer.tripguide.locationfinder.satellitemap.free,GPS Navigation: Live Earth Map,2.6.3,https://d.apkpure.com/b/APK/com.gpsdistance.speedometer.tripguide.locationfinder.satellitemap.free?version=latest
com.gpsaround.places.rideme.navigation.mapstracking,GPS Live Satellite View Map,4.7.0,https://d.apkpure.com/b/APK/com.gpsaround.places.rideme.navigation.mapstracking?version=latest
com.seaworld.mobile,SeaWorld,7.0.33.70643,https://d.apkpure.com/b/APK/com.seaworld.mobile?version=latest
com.disney.wdw.android,My Disney Experience,7.23.1,https://d.apkpure.com/b/APK/com.disney.wdw.android?version=latest
com.southwestairlines.mobile,Southwest Airlines,10.4.1,https://d.apkpure.com/b/APK/com.southwestairlines.mobile?version=latest
com.driving.guide.earth.navigationmap.trackingfree,Live Earth Maps GPS Navigation,2.9,https://d.apkpure.com/b/APK/com.driving.guide.earth.navigationmap.trackingfree?version=latest
gbis.gbandroid,GasBuddy: Find & Pay for Gas,700.77.22801,https://d.apkpure.com/b/APK/gbis.gbandroid?version=latest
com.tollway,Illinois Tollway,3.1.0,https://d.apkpure.com/b/APK/com.tollway?version=latest
com.avis.androidapp,Avis Car Rental,12.7,https://d.apkpure.com/b/APK/com.avis.androidapp?version=latest
com.riu,RIU Hotels & Resorts,4.40.1,https://d.apkpure.com/b/APK/com.riu?version=latest
pm.spin,Spin - Electric Scooters,2.75.0,https://d.apkpure.com/b/APK/pm.spin?version=latest
com.hcom.android,Hotels.com: Travel Booking,23.15.0,https://d.apkpure.com/b/APK/com.hcom.android?version=latest
com.airbnb.android,Airbnb,Varies with device,https://d.apkpure.com/b/APK/com.airbnb.android?version=latest
com.alaskaairlines.android,Alaska Airlines - Travel,Varies with device,https://d.apkpure.com/b/APK/com.alaskaairlines.android?version=latest
com.universalstudios.orlandoresort,Universal Orlando Resort™,1.52.0,https://d.apkpure.com/b/APK/com.universalstudios.orlandoresort?version=latest
com.tokentransit.tokentransit,Token Transit,4.6.2,https://d.apkpure.com/b/APK/com.tokentransit.tokentransit?version=latest
com.hilton.android.hhonors,Hilton Honors: Book Hotels,2023.4.11,https://d.apkpure.com/b/APK/com.hilton.android.hhonors?version=latest
com.travelocity.android,Travelocity Hotels & Flights,23.15.0,https://d.apkpure.com/b/APK/com.travelocity.android?version=latest
com.volaris.android,Volaris,2.10.3,https://d.apkpure.com/b/APK/com.volaris.android?version=latest
com.usefulappsbd.bangla_to_english,বাংলা থেকে ইংরেজি উচ্চারণসহ,5.11,https://d.apkpure.com/b/APK/com.usefulappsbd.bangla_to_english?version=latest
com.carnival.android,Carnival HUB,3.18.1,https://d.apkpure.com/b/APK/com.carnival.android?version=latest
com.wyndhamhotelgroup.wyndhamrewards,Wyndham Hotels & Resorts,5.0.0,https://d.apkpure.com/b/APK/com.wyndhamhotelgroup.wyndhamrewards?version=latest
com.hometogo,HomeToGo: Vacation Rentals,9.0.1,https://d.apkpure.com/b/APK/com.hometogo?version=latest
com.jetblue.JetBlueAndroid,JetBlue - Book & manage trips,7.3.1,https://d.apkpure.com/b/APK/com.jetblue.JetBlueAndroid?version=latest
com.pilottravelcenters.mypilot,Pilot Flying J: myRewards Plus,6.13.0,https://d.apkpure.com/b/APK/com.pilottravelcenters.mypilot?version=latest
com.erudite.translator,Instant Voice Translate,7.1.0,https://d.apkpure.com/b/APK/com.erudite.translator?version=latest
com.google.android.apps.navlite,Navigation for Google Maps Go,10.74.3,https://d.apkpure.com/b/APK/com.google.android.apps.navlite?version=latest
com.compassfree.digitalcompass.forandroid.app,Digital Compass: Smart Compass,2.2,https://d.apkpure.com/b/APK/com.compassfree.digitalcompass.forandroid.app?version=latest
com.choicehotels.android,Choice Hotels,Varies with device,https://d.apkpure.com/b/APK/com.choicehotels.android?version=latest
com.disney.playdisneyparks.goo,Play Disney Parks,2.27.0,https://d.apkpure.com/b/APK/com.disney.playdisneyparks.goo?version=latest
ctrip.english,Trip.com: Book Flights, Hotels,7.75.0,https://d.apkpure.com/b/APK/ctrip.english?version=latest
de.flixbus.app,FlixBus: Book Bus Tickets,9.5.0,https://d.apkpure.com/b/APK/de.flixbus.app?version=latest
com.google.android.apps.mapslite,Google Maps Go,Varies with device,https://d.apkpure.com/b/APK/com.google.android.apps.mapslite?version=latest
com.flightaware.android.liveFlightTracker,FlightAware Flight Tracker,Varies with device,https://d.apkpure.com/b/APK/com.flightaware.android.liveFlightTracker?version=latest
com.aa.android,American Airlines,2023.7,https://d.apkpure.com/b/APK/com.aa.android?version=latest
com.hotwire.hotels,Hotwire: Last Minute Hotel & C,13.14.2,https://d.apkpure.com/b/APK/com.hotwire.hotels?version=latest
com.mapswithme.maps.pro,MAPS.ME: Offline maps GPS Nav,v14.4.71543-googleRelease,https://d.apkpure.com/b/APK/com.mapswithme.maps.pro?version=latest
com.sixflags.android,Six Flags,3.3.5,https://d.apkpure.com/b/APK/com.sixflags.android?version=latest
com.hawaiianairlines.app,Hawaiian Airlines,4.0.0.3534,https://d.apkpure.com/b/APK/com.hawaiianairlines.app?version=latest
com.hopper.mountainview.play,Hopper: Hotels, Flights & Cars,5.33.1,https://d.apkpure.com/b/APK/com.hopper.mountainview.play?version=latest
net.skyscanner.android.main,Skyscanner Flights Hotels Cars,Varies with device,https://d.apkpure.com/b/APK/net.skyscanner.android.main?version=latest
com.wanderlog.android,Wanderlog - Trip Planner App,2.90,https://d.apkpure.com/b/APK/com.wanderlog.android?version=latest
com.ncl.bge,Cruise Norwegian – NCL,2.3.5,https://d.apkpure.com/b/APK/com.ncl.bge?version=latest
com.pgt.veoride,Veo - Shared Electric Vehicles,3.20.7,https://d.apkpure.com/b/APK/com.pgt.veoride?version=latest
io.walletpasses.android,WalletPasses | Passbook Wallet,1.2.3,https://d.apkpure.com/b/APK/io.walletpasses.android?version=latest
com.mgmresorts.mgmresorts,MGM Resorts,8.6.0,https://d.apkpure.com/b/APK/com.mgmresorts.mgmresorts?version=latest
com.rccl.royalcaribbean,Royal Caribbean International,1.40.1,https://d.apkpure.com/b/APK/com.rccl.royalcaribbean?version=latest
com.mobillium.airalo,Airalo: eSIM Pocket Internet,1.25.0,https://d.apkpure.com/b/APK/com.mobillium.airalo?version=latest
com.campspot.aggregatormobile,Campspot: RV & Tent Camping,1.15.1,https://d.apkpure.com/b/APK/com.campspot.aggregatormobile?version=latest
com.disney.wdpro.dlr,Disneyland®,7.23,https://d.apkpure.com/b/APK/com.disney.wdpro.dlr?version=latest
com.greyhound.mobile.consumer,Greyhound: Buy Bus Tickets,9.5.0,https://d.apkpure.com/b/APK/com.greyhound.mobile.consumer?version=latest
com.gps.maps.me.city.navigation.metro.transit.navigation.live.traffic.weather,GPS Offline Maps & Navigation,1.44,https://d.apkpure.com/b/APK/com.gps.maps.me.city.navigation.metro.transit.navigation.live.traffic.weather?version=latest
com.bah.r1smobile,Recreation.gov,2.0.79,https://d.apkpure.com/b/APK/com.bah.r1smobile?version=latest
com.tripit,TripIt: Travel Planner,12.4.1,https://d.apkpure.com/b/APK/com.tripit?version=latest
com.p66.b2c.stationfinder.p66,Fuel Forward,7.0.1,https://d.apkpure.com/b/APK/com.p66.b2c.stationfinder.p66?version=latest
com.live.earth.gpstracking.panorama.view.streetviewmap,Live Street View Map HD,1.4.7,https://d.apkpure.com/b/APK/com.live.earth.gpstracking.panorama.view.streetviewmap?version=latest
com.caesars.playbytr,Caesars Rewards Resort Offers,8.6.2,https://d.apkpure.com/b/APK/com.caesars.playbytr?version=latest
com.getyourguide.android,GetYourGuide: Tickets & Tours,23.15.0,https://d.apkpure.com/b/APK/com.getyourguide.android?version=latest
com.prioritypass3,Priority Pass™,6.21.0,https://d.apkpure.com/b/APK/com.prioritypass3?version=latest
com.amtrak.rider,Amtrak,5.2.2,https://d.apkpure.com/b/APK/com.amtrak.rider?version=latest
com.united.mobile.android,United Airlines,4.1.79,https://d.apkpure.com/b/APK/com.united.mobile.android?version=latest
com.tripadvisor.tripadvisor,Tripadvisor: Plan & Book Trips,Varies with device,https://d.apkpure.com/b/APK/com.tripadvisor.tripadvisor?version=latest
com.flightradar24free,Flightradar24 Flight Tracker,Varies with device,https://d.apkpure.com/b/APK/com.flightradar24free?version=latest
